stem_porter,n,terms
gener,8,general generalities generalized generally generating generation generations generous
blind,5,blind blinded blinding blindness blinds
happen,5,happen happened happening happenings happens
play,5,play played playfully playing plays
care,5,care cared careful carefully cares
remark,5,remark remarkable remarked remarking remarks
love,5,love loved lovely loves loving
murmur,5,murmur murmured murmuring murmurous murmurs
carri,4,carried carries carry carrying
secur,4,secure securely securities security
watch,4,watch watched watchfully watching
begin,4,begin beginning beginnings begins
remain,4,remain remained remaining remains
continu,4,continual continually continued continuously
whisper,4,whisper whispered whisperings whispers
lie,4,lie lied lies lying
part,4,part parted parting parts
affect,4,affect affectations affected affection
face,4,face faced faces facing
live,4,live lived lives living
arriv,4,arrival arrivals arrive arrived
breath,4,breath breathe breathing breaths
chang,4,change changed changes changing
natur,4,natural naturally nature natures
shade,4,shade shaded shades shading
invit,4,invitation invitations invite invited
intent,4,intent intention intentions intently
suggest,4,suggest suggested suggestion suggestiveness
respons,4,response responsible responsive responsiveness
cri,4,cried cries cry crying
thank,4,thank thanked thanking thanks
dress,4,dress dressed dresses dressing
rippl,4,ripple rippled ripples rippling
photograph,4,photograph photographed photographer photographers
wonder,4,wonder wondered wonderful wondering
address,4,address addressed addresses addressing
work,4,work worked working works
wave,4,wave waved waves waving
sign,4,sign signed signing signs
imagin,4,imagination imagine imagined imagining
want,4,want wanted wanting wants
start,4,start started starting starts
excit,4,excite excited excitement exciting
follow,4,follow followed following follows
suspect,4,suspect suspected suspecting suspects
wander,4,wander wandered wanderers wandering
realiz,4,realize realized realizes realizing
drop,4,drop dropped dropping drops
smile,4,smile smiled smiles smiling
danc,4,dance danced dances dancing
talk,4,talk talked talking talks
block,4,block blocked blocking blocks
desir,4,desirable desire desired desires
walk,4,walk walked walking walks
reassur,4,reassurance reassure reassured reassuring
correct,4,correct corrected correction correctness
smoke,4,smoke smoked smokeing smoking
look,4,look looked looking looks
tri,4,tried tries try trying
glanc,4,glance glanced glances glancing
struggl,4,struggle struggled struggles struggling
disapprov,4,disapproval disapprove disapproved disapproving
promis,4,promise promised promises promising
wast,3,waste wasteful wasting
warn,3,warn warned warning
open,3,open opened opening
build,3,build building buildings
astonish,3,astonished astonishing astonishment
cool,3,cool cooled cooling
lurch,3,lurch lurched lurches
ask,3,ask asked asking
slap,3,slap slapped slapping
own,3,own owned owns
point,3,point pointed pointing
grasp,3,grasp grasped grasping
univers,3,universal universe universities
refer,3,reference referred referring
call,3,call called calling
rememb,3,remember remembered remembering
make,3,make makes making
appear,3,appearance appeared appears
impress,3,impression impressive impressively
pleas,3,please pleased pleasing
shut,3,shut shuts shutting
report,3,reported reporter reports
nod,3,nod nodded nodding
take,3,take takes taking
apart,3,apart apartment apartments
glow,3,glow glowed glowing
show,3,show showed shows
shoulder,3,shoulder shouldered shoulders
marri,3,married marry marrying
stop,3,stop stopped stopping
entertain,3,entertain entertained entertainment
refus,3,refusal refuse refused
arrang,3,arrange arrangement arrangements
pack,3,pack packed packing
elud,3,eluded eludes eluding
pocket,3,pocket pocketing pockets
grace,3,grace graceful gracefully
stir,3,stir stirred stirring
burn,3,burn burning burns
end,3,end ended ends
enter,3,enter entered entering
wear,3,wear wearing wears
plung,3,plunge plunged plunging
join,3,join joined joins
paint,3,paint painted painting
enjoy,3,enjoy enjoyed enjoying
laugh,3,laugh laughed laughing
turn,3,turn turned turning
hurri,3,hurried hurry hurrying
echo,3,echoed echoes echoing
push,3,push pushed pushing
bore,3,bore bored bores
believ,3,believe believed believing
splash,3,splash splashed splashing
heap,3,heap heaped heaps
head,3,head headed heads
order,3,order ordered orders
studi,3,studied studies study
pull,3,pull pulled pulling
hope,3,hope hoped hoping
bother,3,bother bothered bothering
know,3,know knowing knows
knock,3,knock knocked knocking
success,3,success successful successfully
power,3,power powerful powers
offic,3,office officer officers
belong,3,belong belonged belongs
light,3,light lighted lights
despis,3,despise despised despising
blow,3,blow blowing blows
step,3,step stepped steps
stay,3,stay stayed staying
hesit,3,hesitant hesitated hesitation
lean,3,lean leaned leaning
strain,3,strain strained straining
leav,3,leave leaves leaving
sport,3,sport sporting sports
determin,3,determination determine determined
stare,3,stare stared staring
stand,3,stand standing stands
die,3,die died dying
help,3,help helped helpfully
spot,3,spot spots spotted
do,3,do doing doings
sound,3,sound sounded sounds
groan,3,groan groaned groaning
brood,3,brood brooded brooding
object,3,object objected objects
posit,3,position positive positively
confus,3,confuse confused confusion
sob,3,sob sobbed sobs
back,3,back backed backs
demand,3,demand demanded demands
avoid,3,avoid avoided avoiding
drift,3,drift drifted drifting
cours,3,course coursed courses
read,3,read reading reads
wail,3,wail wailed wailing
wait,3,wait waited waiting
surpris,3,surprise surprised surprising
slip,3,slip slipped slipping
oblig,3,obligations obliged obliging
possess,3,possessed possessions possessively
like,3,like liked likely
obscur,3,obscure obscurely obscurity
pour,3,pour poured pouring
kiss,3,kiss kissed kissing
limit,3,limit limited limits
linger,3,linger lingered lingering
doubt,3,doubt doubted doubtfully
cross,3,cross crossed crossing
race,3,race raced races
possibl,3,possibilities possible possibly
hand,3,hand handed hands
draw,3,draw drawing draws
listen,3,listen listened listening
suit,3,suit suite suits
critic,3,critical criticism criticizing
dream,3,dream dreamed dreams
connect,3,connected connecting connection
rumour,3,rumour rumoured rumours
trace,3,trace traced tracing
tell,3,tell telling tells
mysteri,3,mysteries mysterious mystery
casual,3,casual casually casualness
fade,3,fade faded fading
return,3,return returned returning
name,3,name named names
shadow,3,shadow shadowed shadows
shake,3,shake shakes shaking
come,3,come comes coming
flutter,3,flutter fluttered fluttering
get,3,get gets getting
eye,3,eye eyed eyes
mumbl,3,mumble mumbled mumbles
fix,3,fix fixed fixing
shape,3,shape shaped shapes
answer,3,answer answered answering
complet,3,complete completed completely
garden,3,garden gardener gardens
meet,3,meet meeting meetings
cloth,3,cloth clothed clothes
rest,3,rest rested resting
seem,3,seem seemed seems
see,3,see seeing sees
flush,3,flush flushed flushing
celebr,3,celebrated celebrities celebrity
incredul,3,incredulity incredulous incredulously
alarm,3,alarm alarmed alarming
flash,3,flash flashed flashing
gather,3,gather gathered gathering
move,3,move moved moving
wit,3,wit witness witnessed
close,3,close closed closing
fashion,3,fashion fashionable fashionably
say,3,say saying says
person,3,person personal personality
revolv,3,revolved revolver revolving
touch,3,touch touched touching
tip,3,tip tipped tipping
think,3,think thinking thinks
climb,3,climb climbed climbing
click,3,click clicked clicking
cheer,3,cheer cheerful cheerfully
pile,3,pile piled piles
flower,3,flower flowered flowers
commun,3,communicated communicative communities
fall,3,fall falling falls
interrupt,3,interrupt interrupted interruption
catch,3,catch catches catching
measur,3,measure measured measures
indic,3,indicate indicated indicating
need,3,need needed needs
gleam,3,gleam gleamed gleaming
admir,3,admiration admire admired
search,3,search searched searching
tie,3,tie tied ties
matter,3,matter mattered matters
interest,3,interest interested interesting
shock,3,shock shocked shocks
instinct,3,instinct instinctive instinctively
figur,3,figure figured figures
fill,3,fill filled filling
account,3,account accounted accounting
final,3,final finally finals
confid,3,confidences confident confidently
form,3,form formed forms
annoy,3,annoy annoyance annoyed
rush,3,rush rushed rushing
marvel,3,marvelled marvelling marvellous
invent,3,invent invented inventions
run,3,run running runs
park,3,park parke parked
pass,3,pass passed passing
reserv,3,reserve reserved reserving
shift,3,shift shifted shifting
pick,3,pick picked picking
express,3,express expression expressive
colour,3,colour coloured colours
mean,3,mean meaning means
advanc,3,advance advanced advancing
round,3,round rounded rounds
train,3,train training trains
conceal,3,conceal concealed concealing
give,3,give gives giving
tighten,3,tighten tightened tightening
frown,3,frown frowned frowning
miss,3,miss missed missing
concentr,3,concentrated concentrating concentration
neighbour,3,neighbour neighbouring neighbours
expect,3,expect expected expects
cynic,2,cynical cynically
cloud,2,cloud clouds
hors,2,horse horses
horribl,2,horrible horribly
curv,2,curve curved
hotel,2,hotel hotels
hour,2,hour hours
stumbl,2,stumble stumbled
preced,2,preceded preceding
cut,2,cut cutting
crunch,2,crunch crunched
cup,2,cup cups
cluster,2,cluster clustered
sudden,2,sudden suddenness
horn,2,horn horns
hospit,2,hospitable hospitality
inhabit,2,inhabitants inhabited
curios,2,curiosities curiosity
club,2,club clubs
practic,2,practical practice
powder,2,powder powdered
inform,2,information informed
subject,2,subject subjects
confirm,2,confirmation confirmed
pervad,2,pervaded pervading
decenc,2,decencies decency
insist,2,insisted insistently
deal,2,deal dealing
stranger,2,stranger strangers
inspect,2,inspect inspected
pretend,2,pretend pretended
perceiv,2,perceive perceived
civil,2,civil civilization
decad,2,decade decades
hire,2,hire hired
decent,2,decent decently
perspir,2,perspiration perspired
decid,2,decide decided
decis,2,decision decisively
thrill,2,thrill thrilling
throb,2,throbbed throbbing
deck,2,deck decking
declar,2,declaration declared
hip,2,hip hips
circumst,2,circumstance circumstances
throw,2,throw throwing
perman,2,permanent permanently
clean,2,clean cleaned
hold,2,hold holding
clear,2,clear cleared
damn,2,damn damned
thin,2,thin thinning
thing,2,thing things
thirti,2,thirties thirty
dangl,2,dangles dangling
dark,2,dark darkness
coast,2,coast coasting
darken,2,darkened darkening
home,2,home homes
date,2,date dates
stretch,2,stretch stretched
day,2,day days
present,2,present presently
street,2,street streets
clerk,2,clerk clerks
preserv,2,preserved preserves
daze,2,daze dazed
press,2,pressed pressing
inquir,2,inquired inquiring
hous,2,house houses
humor,2,humorous humorously
coat,2,coat coats
hint,2,hint hinted
imperson,2,impersonal impersonally
piti,2,pitiful pity
switch,2,switch switched
includ,2,included including
swing,2,swing swinging
control,2,control controlled
impati,2,impatient impatiently
convey,2,convey conveyed
pitch,2,pitch pitches
tear,2,tearing tears
telephon,2,telephone telephoned
immedi,2,immediate immediately
complain,2,complain complained
complac,2,complacency complacent
swell,2,swell swelling
compel,2,compel compelled
copi,2,copies copy
cordial,2,cordial cordials
corner,2,corner corners
polish,2,polish polisher
polit,2,polite politely
rule,2,rule rules
swoon,2,swooned swooning
crowd,2,crowd crowded
taxi,2,taxi taxis
tangl,2,tangle tangled
conscienti,2,conscientious conscientiously
tan,2,tan tanned
conscious,2,consciously consciousness
in,2,in ins
confidenti,2,confidential confidentially
consid,2,consider considered
confess,2,confess confessed
tank,2,tank tanked
tap,2,tapped tapping
conduct,2,conduct conducted
tapestri,2,tapestried tapestry
plan,2,plan plans
tact,2,tactful tactfully
tabl,2,table tables
plaid,2,plaid plaids
contain,2,contain contained
sympath,2,sympathized sympathizing
import,2,important importer
contemptu,2,contemptuous contemptuously
impli,2,implied implying
increas,2,increased increasing
corrobor,2,corroborate corroborated
commut,2,commutation commuting
ident,2,identical identity
crawl,2,crawled crawls
creak,2,creak creaking
comfort,2,comfortable comforter
terrac,2,terrace terraced
hundr,2,hundred hundreds
hum,2,hum humming
indiffer,2,indifference indifferent
cricket,2,cricket crickets
colleg,2,college colleges
sun,2,sun suns
physic,2,physical physically
collaps,2,collapse collapsed
hover,2,hovered hovering
phrase,2,phrase phrases
individu,2,individual individually
phone,2,phone phoned
inevit,2,inevitable inevitably
their,2,their theirs
crouch,2,crouched crouching
cocktail,2,cocktail cocktails
infinit,2,infinite infinitely
superior,2,superior superiority
hunt,2,hunted hunting
suppli,2,supplied supplies
pool,2,pool pools
tender,2,tender tenderness
swallow,2,swallowed swallows
commit,2,commit committed
indefinit,2,indefinite indefinitely
idea,2,idea ideas
suspici,2,suspicious suspiciously
pig,2,pig pigs
counter,2,counter countered
piec,2,piece pieces
poolroom,2,poolroom poolrooms
cover,2,cover covered
hush,2,hush hushed
coupl,2,couple couples
suppress,2,suppressed suppressions
suppos,2,suppose supposed
tent,2,tent tentatively
command,2,command commanded
pictur,2,picture pictures
husband,2,husband husbands
cousin,2,cousin cousins
conting,2,contingencies contingency
quartet,2,quartet quartets
stori,2,stories story
exult,2,exultation exulting
shirt,2,shirt shirts
shiftless,2,shiftless shiftlessness
resolv,2,resolved resolves
explain,2,explain explained
girl,2,girl girls
sheet,2,sheet sheets
explod,2,exploded exploding
respect,2,respectful respectfully
gin,2,gin gins
extend,2,extended extends
restaur,2,restaurant restaurants
restless,2,restless restlessness
ghost,2,ghost ghosts
share,2,share sharing
eyebrow,2,eyebrow eyebrows
exercis,2,exercise exercises
gestur,2,gesture gestures
fail,2,fail failed
settl,2,settle settled
faint,2,faint fainted
set,2,set setting
servant,2,servant servants
faith,2,faith faithful
revel,2,revelation revelations
familiar,2,familiar familiarity
familiarit,2,familiarit familiarits
separ,2,separate separated
sentiment,2,sentimental sentimentality
sentenc,2,sentence sentences
gaudi,2,gaudiness gaudy
glare,2,glare glaring
glass,2,glass glasses
store,2,store stored
shout,2,shout shouted
enthusiast,2,enthusiastic enthusiastically
remind,2,remind reminded
remot,2,remote remotely
sidewalk,2,sidewalk sidewalks
side,2,side sides
rent,2,rent rented
repair,2,repair repairing
repeat,2,repeat repeated
establish,2,established establishment
shuffl,2,shuffled shuffling
go,2,go going
even,2,even evening
glove,2,glove gloved
event,2,event events
repres,2,represented representing
excus,2,excuse excused
reproach,2,reproach reproachfully
reput,2,reputation reputed
resembl,2,resemblance resemble
glint,2,glinted glints
glimps,2,glimpse glimpses
shore,2,shore shores
examin,2,examined examining
shop,2,shop shops
glide,2,glide gliding
except,2,except excepting
exchang,2,exchanged exchanging
shoe,2,shoe shoes
resent,2,resented resentment
shiver,2,shiver shivered
fascin,2,fascinated fascination
send,2,send sends
gasp,2,gasped gasping
fragment,2,fragment fragments
frighten,2,frightened frightening
flavour,2,flavour flavoured
flicker,2,flicker flickered
friend,2,friend friends
room,2,room rooms
float,2,floated floating
savag,2,savage savagely
fresh,2,fresh freshness
rope,2,rope ropes
flow,2,flow flowed
rose,2,rose roses
fluctuat,2,fluctuate fluctuating
frantic,2,frantic frantically
sandwich,2,sandwich sandwiches
saloon,2,saloon saloons
sell,2,sell selling
fool,2,fool fooled
salon,2,salon salons
sail,2,sail sailing
row,2,row rows
forc,2,force forced
found,2,found founded
rub,2,rub rubbing
sad,2,sad sadness
forget,2,forget forgetting
rude,2,rude rudely
rug,2,rug rugs
rustl,2,rustle rustling
formal,2,formal formality
forti,2,forties forty
roll,2,rolled rolling
flannel,2,flannel flannels
scene,2,scene scenes
rock,2,rock rocked
favour,2,favour favours
ride,2,ride riding
select,2,selected selection
feel,2,feel feeling
seiz,2,seized seizes
fella,2,fella fellas
garag,2,garage garages
fender,2,fender fenders
feroci,2,ferocious ferociously
ring,2,ring ringing
secret,2,secret secrets
game,2,game games
seat,2,seat seats
gaieti,2,gaieties gaiety
sea,2,sea seas
fifti,2,fifties fifty
rise,2,rise rising
fight,2,fight fights
find,2,find finding
road,2,road roads
finger,2,finger fingers
scorn,2,scorn scornful
scold,2,scolded scolding
fire,2,fire fired
firm,2,firm firmness
roar,2,roared roaring
fish,2,fish fishing
fruit,2,fruit fruits
sceptic,2,sceptically scepticism
enorm,2,enormous enormously
signific,2,significance significant
silent,2,silent silently
distort,2,distorted distortion
discuss,2,discuss discussing
pursu,2,pursued pursuing
dislik,2,dislike disliked
dismal,2,dismal dismally
put,2,put putting
have,2,have having
pyjama,2,pyjama pyjamas
specimen,2,specimen specimens
haunt,2,haunted haunting
speak,2,speak speaking
dissolv,2,dissolve dissolving
hate,2,hate hated
distast,2,distaste distasteful
spasm,2,spasm spasms
sparkl,2,sparkles sparkling
happi,2,happiness happy
hat,2,hat hats
disturb,2,disturb disturbed
space,2,space spaces
souvenir,2,souvenir souvenirs
divis,2,division divisions
cigarett,2,cigarette cigarettes
divorc,2,divorce divorced
harsh,2,harsh harshness
harrow,2,harrowed harrowing
question,2,question questions
sort,2,sort sorts
dog,2,dog dogs
quicken,2,quickened quickening
dollar,2,dollar dollars
disappoint,2,disappointed disappointment
disappear,2,disappeared disappearing
sprawl,2,sprawled sprawling
spring,2,spring springs
hill,2,hill hills
stock,2,stock stocked
delay,2,delayed delays
delic,2,delicate delicately
privileg,2,privilege privileged
delight,2,delight delighted
deni,2,denied denying
produc,2,produced producer
depress,2,depressed depression
describ,2,describe described
desert,2,deserted deserting
deserv,2,deserved deserves
station,2,station stations
state,2,state states
despair,2,despair despairing
startl,2,startled startling
desper,2,desperate desperately
detect,2,detect detective
star,2,star stars
promot,2,promoted promoter
standard,2,standard standards
herd,2,herded herding
stain,2,stain stained
her,2,her hers
differ,2,difference different
stabl,2,stable stables
protest,2,protest protested
dim,2,dim dimmed
squar,2,square squarely
domin,2,dominance dominant
door,2,door doors
reluct,2,reluctance reluctant
electr,2,electric electricity
ground,2,ground grounds
slow,2,slow slowed
groceri,2,groceries grocery
grief,2,grief griefs
reason,2,reason reasons
ecstat,2,ecstatic ecstatically
recent,2,recent recently
educ,2,educated education
effort,2,effort efforts
egg,2,egg eggs
recov,2,recover recovering
skin,2,skin skins
grave,2,grave gravely
elabor,2,elaborate elaborateness
sit,2,sit sitting
quiver,2,quivered quivering
sister,2,sister sisters
elev,2,elevated elevator
regard,2,regarded regarding
sing,2,sing singing
embarrass,2,embarrassed embarrassment
emerg,2,emerged emergency
emot,2,emotion emotions
employ,2,employed employer
empti,2,emptiness empty
enchant,2,enchanted enchanting
relat,2,related relations
reliev,2,relieved relieving
endur,2,endure endured
engag,2,engaged engaging
group,2,group groups
grow,2,grow growing
earnest,2,earnest earnestness
gruff,2,gruff gruffness
sometim,2,sometime sometimes
hall,2,hall halls
rag,2,rag ragged
rail,2,rail railed
rain,2,rain raining
soldier,2,soldier soldiers
rais,2,raised raising
dressingroom,2,dressingroom dressingrooms
dri,2,dried dry
drink,2,drink drinking
drip,2,drip dripping
drive,2,drive driving
driver,2,driver drivers
drugstor,2,drugstore drugstores
drum,2,drum drums
gust,2,gust gusts
snell,2,snell snells
duke,2,duke dukes
sneer,2,sneer sneering
snatch,2,snatch snatched
snap,2,snap snapped
dump,2,dumping dumps
smirk,2,smirk smirkes
reach,2,reach reached
guest,2,guest guests
guess,2,guess guessed
eager,2,eager eagerness
ear,2,ear ears
readi,2,readiness ready
circl,2,circle circles
month,2,month months
place,2,place places
machin,2,machine machines
brick,2,brick bricks
wipe,2,wiped wiping
wire,2,wire wires
becom,2,become becomes
becker,2,becker beckers
machinegun,2,machinegun machineguns
key,2,key keys
wise,2,wise wised
bright,2,bright brightness
luxuri,2,luxuriated luxury
aggress,2,aggressive aggressively
beauti,2,beautiful beauty
beat,2,beat beating
keep,2,keep keeping
wish,2,wish wished
bring,2,bring bringing
wist,2,wistfully wistfulness
musicroom,2,musicroom musicrooms
winter,2,winter winters
kill,2,kill killed
kind,2,kind kinds
wink,2,winked winking
bound,2,bound bounded
understand,2,understand understanding
beg,2,beg begged
metal,2,metal metallic
valu,2,value valued
boy,2,boy boys
brace,2,brace bracing
window,2,window windows
vanish,2,vanished vanishing
brake,2,brake brakes
air,2,air aired
mutter,2,muttered muttering
knee,2,knee knees
break,2,break breaking
bedroom,2,bedroom bedrooms
wing,2,wing wings
breed,2,breed breeding
afternoon,2,afternoon afternoons
bear,2,bear bearing
arm,2,arm arms
bum,2,bum bumming
unutter,2,unutterable unutterably
turbul,2,turbulence turbulent
word,2,word words
bathroom,2,bathroom bathrooms
bath,2,bath baths
watcher,2,watcher watchers
nordic,2,nordic nordics
adjust,2,adjusted adjustment
owley,2,owleyed owleyes
twist,2,twisted twisting
jovial,2,jovial jovially
tune,2,tune tunes
vestibul,2,vestibule vestibules
journal,2,journal journalism
mingl,2,mingled mingling
minist,2,minister ministering
burst,2,burst bursts
wash,2,wash washing
advantag,2,advantage advantages
water,2,water waters
overwhelm,2,overwhelmed overwhelming
buchanan,2,buchanan buchanans
twinkl,2,twinkle twinkled
twin,2,twin twins
way,2,way ways
muscl,2,muscle muscles
brother,2,brother brothers
bead,2,beaded beads
overlook,2,overlooked overlooking
mile,2,mile miles
ascertain,2,ascertain ascertained
brush,2,brush brushed
affair,2,affair affairs
lift,2,lifted lifting
be,2,be being
million,2,million millions
jump,2,jumped jumping
veranda,2,veranda verandas
occasion,2,occasional occasionally
other,2,other others
letter,2,letter letters
ad,2,added adding
append,2,appended appendicitis
blanket,2,blanket blankets
legend,2,legend legends
blaze,2,blazed blazing
amus,2,amused amusement
appal,2,appalled appalling
nerv,2,nerve nerves
one,2,one ones
unmistak,2,unmistakable unmistakably
american,2,american americans
blossom,2,blossomed blossoms
whip,2,whip whips
bend,2,bend bending
negro,2,negro negroes
mckee,2,mckee mckees
urg,2,urged urging
whistl,2,whistle whistles
amaz,2,amazed amazing
blink,2,blink blinking
apolog,2,apologize apology
anchor,2,anchor anchored
unpleas,2,unpleasant unpleasantness
match,2,match matchings
night,2,night nights
unsuccess,2,unsuccessful unsuccessfully
learn,2,learn learned
bird,2,bird birds
leg,2,leg legs
leak,2,leaked leaking
biscuit,2,biscuit biscuits
bet,2,bet betting
unreal,2,unreal unreality
newspap,2,newspaper newspapers
western,2,western westerners
besid,2,beside besides
mass,2,mass massed
legal,2,legal legally
master,2,master mastered
wheel,2,wheel wheeled
lawn,2,lawn lawns
bloom,2,bloomed blooms
oper,2,operate operations
origin,2,original originated
border,2,border bordered
lamp,2,lamp lamps
near,2,near neared
wed,2,wed wedding
orchestra,2,orchestra orchestras
orchid,2,orchid orchids
bootlegg,2,bootlegger bootleggers
magic,2,magic magical
let,2,let letting
ladi,2,ladies lady
blue,2,blue blues
mention,2,mention mentioned
born,2,born borne
magazin,2,magazine magazines
vagu,2,vague vaguely
argu,2,argue argued
argument,2,argument arguments
will,2,will willing
bottl,2,bottle bottles
orang,2,orange oranges
main,2,main maine
book,2,book books
memori,2,memories memory
late,2,late lately
last,2,last lasted
lemon,2,lemon lemons
approv,2,approved approving
boat,2,boat boats
major,2,major majority
use,2,use used
bob,2,bob bobbed
bell,2,bell bells
offer,2,offer offered
offend,2,offend offended
week,2,week weeks
lap,2,lap lapped
melodi,2,melodious melody
melt,2,melt melted
bond,2,bond bonds
lane,2,lane lanes
page,2,page pages
ador,2,adorable adore
busi,2,business busy
visibl,2,visible visibly
ceremoni,2,ceremoniously ceremony
balanc,2,balance balancing
irresist,2,irresistible irresistibly
bake,2,baked baking
chair,2,chair chairs
violent,2,violent violently
irregular,2,irregular irregularity
year,2,year years
visitor,2,visitor visitors
banjo,2,banjo banjoes
lower,2,lower lowered
abound,2,abounded abounding
motorboat,2,motorboat motorboats
notic,2,notice noticed
investig,2,investigate investigation
invest,2,investment investments
yellow,2,yellow yellowing
charm,2,charm charming
astound,2,astounded astounding
yard,2,yard yards
passion,2,passion passionate
absent,2,absent absently
town,2,town towns
assur,2,assure assured
abstract,2,abstracted abstraction
cater,2,caterer caterers
note,2,note notes
towel,2,towel towels
toward,2,toward towards
tournament,2,tournament tournaments
absorb,2,absorbed absorbing
balloon,2,balloon ballooned
caus,2,cause causing
it,2,it its
ceas,2,ceased ceasing
issu,2,issue issued
toss,2,tossed tossing
isol,2,isolated isolation
trust,2,trust trusting
paus,2,pause paused
local,2,local locality
introduct,2,introduction introductions
morn,2,morning mornings
aunt,2,aunt aunts
authent,2,authentic authentically
author,2,authorities authority
authorit,2,authoritative authoritatively
lot,2,lot lots
automat,2,automatic automatically
chill,2,chill chilled
tiger,2,tiger tigers
choke,2,choked choking
choos,2,choose choosing
your,2,your yours
ticket,2,ticket tickets
intens,2,intense intensity
intend,2,intended intending
aw,2,awful awfully
automobil,2,automobile automobiles
chrysti,2,chrystie chrysties
volum,2,volume volumes
number,2,number numbers
introduc,2,introduce introduced
time,2,time times
attach,2,attach attached
notion,2,notion notions
abandon,2,abandon abandoned
chauffeur,2,chauffeur chauffeurs
wall,2,wall walls
pay,2,pay paying
attempt,2,attempt attempting
pearl,2,pearl pearls
moment,2,moment moments
tipto,2,tiptoed tiptoes
cheek,2,cheek cheeks
intim,2,intimate intimation
attract,2,attracted attractively
peer,2,peered peering
voic,2,voice voices
monday,2,monday mondays
audibl,2,audible audibly
track,2,track tracks
absolut,2,absolute absolutely
unusu,2,unusual unusually
assert,2,asserted assertions
tree,2,tree trees
line,2,line lined
paper,2,paper papers
lunch,2,lunch lunched
palac,2,palace palaces
wreath,2,wreath wreaths
movement,2,movement movements
accus,2,accusations accused
car,2,car cars
miser,2,miserable miserably
pair,2,pair pairs
trot,2,trotted trotting
cake,2,cake cakes
accompani,2,accompanied accompanies
accident,2,accidental accidentally
capac,2,capacities capacity
liquor,2,liquor liquors
wrap,2,wrapped wrapping
observ,2,observed observers
mirror,2,mirror mirrored
act,2,act acting
nose,2,nose noses
acr,2,acre acres
bare,2,bare barely
acquaint,2,acquaintance acquaintances
trick,2,trick tricks
trembl,2,trembled trembling
lip,2,lip lips
movi,2,movie movies
pant,2,panting pants
minut,2,minute minutes
jaunti,2,jauntiness jaunty
tremend,2,tremendous tremendously
troubl,2,trouble troubled
worri,2,worried worry
tragic,2,tragic tragically
write,2,write writing
carriag,2,carriage carriages
carraway,2,carraway carraways
jingl,2,jingle jingled
button,2,button buttons
accept,2,accept accepted
villag,2,village villages
parti,2,parties party
careless,2,careless carelessness
transact,2,transaction transactions
nostril,2,nostril nostrils
associ,2,associated association
transit,2,transit transition
yacht,2,yacht yachting
mr,2,mr mrs
buy,2,buy buys
actual,2,actual actually
redol,1,redolent
nineteenhundr,1,nineteenhundreds
nickel,1,nickel
regal,1,regal
nicola,1,nicolas
redandwhit,1,redandwhite
nineteennineteen,1,nineteennineteen
nineteenseventeen,1,nineteenseventeen
repos,1,reposing
nightingal,1,nightingale
noun,1,noun
nightand,1,nightand
normal,1,normal
reduc,1,reduced
reflect,1,reflected
replac,1,replaced
repel,1,repelled
normandi,1,normandy
redbelt,1,redbelted
real,1,real
repli,1,reply
nine,1,nine
reactiongatsbi,1,reactiongatsby
realhav,1,realhave
redhair,1,redhaired
nightmaregrotesqu,1,nightmaregrotesque
realism,1,realism
nineteeneighteen,1,nineteeneighteen
north,1,north
renew,1,renewals
nonolfactori,1,nonolfactory
notorieti,1,notoriety
relinquish,1,relinquished
reced,1,recedes
receiv,1,receiver
noisi,1,noisy
reluctantli,1,reluctantly
receptacl,1,receptacles
noonbut,1,noonbut
reject,1,rejected
recogniz,1,recognizable
noon,1,noon
nonsens,1,nonsense
rectangl,1,rectangle
recognit,1,recognition
none,1,none
reciproc,1,reciprocal
relief,1,relief
not,1,not
recogn,1,recognized
rejoin,1,rejoin
reclin,1,reclining
relentless,1,relentless
remaina,1,remainas
reassuringli,1,reassuringly
realiti,1,reality
reappear,1,reappeared
render,1,rendered
red,1,red
notori,1,notorious
no,1,no
remov,1,removed
nobil,1,nobility
realli,1,really
nobodi,1,nobody
nonexist,1,nonexistent
recurr,1,recurrent
nois,1,noise
regist,1,register
rear,1,rear
nogatsbi,1,nogatsby
regret,1,regret
nothingonli,1,nothingonly
noth,1,nothing
noi,1,noi
regular,1,regular
nope,1,nope
nor,1,nor
retribut,1,retribution
nick,1,nick
roebuck,1,roebuck
movementsh,1,movementshe
rob,1,rob
robin,1,robin
robust,1,robust
rockefel,1,rockefeller
rocki,1,rocky
rockingfor,1,rockingfor
rode,1,rode
mouthpiec,1,mouthpiece
roadster,1,roadster
roller,1,roller
rollsroyc,1,rollsroyce
mouth,1,mouth
romanc,1,romances
moustach,1,moustache
romant,1,romantic
romecollect,1,romecollecting
romp,1,romp
roam,1,roamed
roadsid,1,roadside
roomh,1,roomhe
ripe,1,ripe
rind,1,rinds
muhlbach,1,muhlbach
riot,1,riot
rioter,1,rioters
muffl,1,muffled
muddi,1,muddy
riotou,1,riotous
rip,1,ripped
muchyou,1,muchyou
roadhous,1,roadhouse
ripley,1,ripley
much,1,much
risen,1,risen
risesh,1,riseshe
movingpictur,1,movingpicture
rivalri,1,rivalry
river,1,river
rivulet,1,rivulets
roof,1,roofs
roosevelt,1,roosevelt
mulreadi,1,mulreadys
morgan,1,morgan
rove,1,roved
moth,1,moths
most,1,most
morningand,1,morningand
rowboat,1,rowboat
rowdi,1,rowdy
rubber,1,rubber
rubi,1,rubies
moreov,1,moreover
mother,1,mother
more,1,more
morbid,1,morbid
moral,1,moral
ruin,1,ruin
mop,1,mops
moonlightwatch,1,moonlightwatching
moonlight,1,moonlight
moon,1,moon
rout,1,rout
mothsso,1,mothsso
root,1,rooted
rosi,1,rosy
mourn,1,mourning
mount,1,mounted
mould,1,moulding
motorist,1,motorists
rosari,1,rosary
motorcycl,1,motorcycle
roseb,1,rosebeds
rosenth,1,rosenthal
motorcar,1,motorcars
motionless,1,motionless
rosycolour,1,rosycoloured
rotgut,1,rotgut
rotogravur,1,rotogravure
rotten,1,rotten
roug,1,rouged
motor,1,motor
roughli,1,roughly
roughneck,1,roughneck
muldoon,1,muldoon
murder,1,murdered
nice,1,nice
necessari,1,necessary
resort,1,resorted
resourc,1,resourcefulness
needn,1,needn
needlessli,1,needlessly
needless,1,needless
necklaceor,1,necklaceor
respond,1,responded
neck,1,neck
nebul,1,nebulous
neither,1,neither
neat,1,neat
nearli,1,nearly
restlessli,1,restlessly
nearest,1,nearest
restor,1,restoration
nearer,1,nearer
restrain,1,restrain
nation,1,national
neighbourhood,1,neighbourhood
nephew,1,nephew
napkin,1,napkin
newspapersa,1,newspapersa
nibbl,1,nibble
next,1,next
reproachbut,1,reproachbut
republ,1,republic
newton,1,newton
request,1,request
requestwould,1,requestwould
newsstand,1,newsstand
newsand,1,newsand
nervou,1,nervous
news,1,news
newli,1,newly
new,1,new
nevertheless,1,nevertheless
never,1,never
nevada,1,nevada
nest,1,nest
nervous,1,nervously
narrow,1,narrowed
result,1,result
rigidli,1,rigidly
muslin,1,muslin
rex,1,rex
rhythm,1,rhythm
rhythmic,1,rhythmic
must,1,must
ribbon,1,ribbon
rich,1,rich
richer,1,richer
richnevertheless,1,richnevertheless
rickey,1,rickeys
revolt,1,revolting
ridg,1,ridges
ridinghabit,1,ridinghabit
rift,1,rift
right,1,right
music,1,music
murray,1,murray
rigid,1,rigid
murki,1,murky
muster,1,muster
revisit,1,revisiting
resum,1,resumed
revalu,1,revalued
namesjaquelin,1,namesjaqueline
nail,1,nail
retina,1,retinas
retort,1,retorted
retract,1,retracted
retreat,1,retreated
reaction,1,reaction
n,1,n
myyou,1,myyou
musti,1,musty
myself,1,myself
reveal,1,reveal
myrtl,1,myrtle
myer,1,myer
my,1,my
rever,1,reverent
reveri,1,reveries
revers,1,reverse
nourish,1,nourished
peopl,1,people
novemb,1,november
overtak,1,overtaking
owl,1,owl
owe,1,owe
overwound,1,overwound
politician,1,politician
overwhelmingli,1,overwhelmingly
polo,1,polo
overtook,1,overtook
pomp,1,pomp
pompadour,1,pompadour
pompadouror,1,pompadouror
polic,1,police
poni,1,ponies
oversea,1,overseas
overpopul,1,overpopulated
overhung,1,overhung
overheard,1,overheard
overhead,1,overhead
overhang,1,overhanging
poor,1,poor
popular,1,popular
policeman,1,policeman
pole,1,poles
overenlarg,1,overenlarged
pm,1,pm
pleasantli,1,pleasantly
pale,1,pale
pleasur,1,pleasure
plenti,1,plenty
paintless,1,paintless
pluck,1,plucked
plum,1,plum
pain,1,pain
paid,1,paid
pneumat,1,pneumatic
pois,1,poise
packag,1,package
pocketbook,1,pocketbook
p,1,p
oxford,1,oxford
poignant,1,poignant
owner,1,owners
pointless,1,pointless
pointlessli,1,pointlessly
pointth,1,pointthe
overflow,1,overflowing
overdreamedthat,1,overdreamedthat
now,1,now
otherwis,1,otherwise
outa,1,outa
out,1,out
ourselv,1,ourselves
powderi,1,powdery
our,1,our
oughtn,1,oughtn
pparalys,1,pparalysed
ought,1,ought
prac,1,prac
otherspoor,1,otherspoor
potteri,1,pottery
practicalitythat,1,practicalitythat
orlean,1,orleans
practis,1,practise
prairi,1,prairies
orgast,1,orgastic
preciou,1,precious
organ,1,organ
ordway,1,ordways
orderi,1,orderi
outan,1,outan
potato,1,potatoes
overcoat,1,overcoat
ovalslik,1,ovalslike
porch,1,porch
pore,1,pore
port,1,port
overboard,1,overboard
portent,1,portentous
portfolio,1,portfolio
portrait,1,portrait
pose,1,pose
over,1,over
outstay,1,outstay
outdoor,1,outdoors
outsid,1,outside
outoftheway,1,outoftheway
postern,1,postern
postman,1,postman
postpon,1,postpone
postth,1,postthe
pot,1,pot
outlin,1,outlined
outlet,1,outlet
palm,1,palm
pleasant,1,pleasant
palmetto,1,palmetto
petrolpump,1,petrolpumps
peasantri,1,peasantry
persuad,1,persuade
perturb,1,perturbed
pessimist,1,pessimist
paw,1,pawing
petal,1,petals
pavilion,1,pavilions
peter,1,peter
petereith,1,petereither
paul,1,paul
persist,1,persistent
pattern,1,pattern
phantom,1,phantom
phase,1,phase
phenomenon,1,phenomenon
patron,1,patron
philadelphia,1,philadelphia
pathfind,1,pathfinder
pathet,1,pathetic
phonemostli,1,phonemostly
pebbl,1,pebbles
peculiar,1,peculiar
pammi,1,pammy
perfectli,1,perfectly
peoplehi,1,peoplehis
peoplewith,1,peoplewith
pepper,1,pepper
per,1,per
percept,1,perceptible
peremptori,1,peremptory
peremptorili,1,peremptorily
perfect,1,perfect
penniless,1,penniless
penni,1,penny
peculiarli,1,peculiarly
perfum,1,perfume
perhap,1,perhaps
period,1,period
perish,1,perishable
penitentiari,1,penitentiary
peninsula,1,peninsula
permeat,1,permeate
pencil,1,pencil
perpetu,1,perpetual
path,1,path
patern,1,paternal
patent,1,patent
par,1,par
plagiarist,1,plagiaristic
parlour,1,parlour
parent,1,parents
pardon,1,pardon
plane,1,plane
plate,1,plate
parcel,1,parcelled
parallel,1,parallel
platform,1,platform
pap,1,pap
pastri,1,pastry
pantri,1,pantry
platon,1,platonic
panicth,1,panicthe
panic,1,panic
panel,1,panelled
player,1,player
pane,1,pane
plaza,1,plaza
pander,1,pandered
pivot,1,pivot
partak,1,partake
pit,1,pitful
pipelin,1,pipeline
piano,1,piano
piccolo,1,piccolos
pastor,1,pastoral
picnic,1,picnic
past,1,past
passersbi,1,passersby
passeng,1,passengers
pasquinadebut,1,pasquinadebut
pigsti,1,pigsty
pillar,1,pillars
partnership,1,partnership
pink,1,pink
partit,1,partition
pioneer,1,pioneer
particularli,1,particularly
particular,1,particular
particip,1,participated
partial,1,partial
pipe,1,pipes
precipit,1,precipitately
precis,1,precisely
prehistor,1,prehistoric
obvious,1,obviously
quarter,1,quarter
occupi,1,occupied
pennsylvania,1,pennsylvania
quaver,1,quavering
queen,1,queens
queensboro,1,queensboro
occas,1,occasion
questioningli,1,questioningly
quick,1,quick
quickli,1,quickly
quart,1,quart
quiet,1,quiet
quieter,1,quieter
obviou,1,obvious
quietli,1,quietly
quinn,1,quinns
quit,1,quite
obtrus,1,obtrusive
obstin,1,obstinate
obstetr,1,obstetrical
occur,1,occurred
quantiti,1,quantity
pungent,1,pungent
putter,1,putter
puppi,1,puppies
puppyish,1,puppyish
of,1,of
purchas,1,purchases
pure,1,pure
purpos,1,purpose
purposeless,1,purposeless
oeuvr,1,oeuvre
odour,1,odour
puzzl,1,puzzled
ocean,1,ocean
oddli,1,oddly
odd,1,odd
pyramid,1,pyramid
quadth,1,quadthe
oculist,1,oculist
octob,1,october
octav,1,octave
oceango,1,oceangoing
qualiti,1,quality
quotat,1,quotations
r,1,r
raci,1,racy
rather,1,rather
rang,1,rang
rapid,1,rapid
rapidli,1,rapidly
raptur,1,rapture
rare,1,rare
nymph,1,nymphs
nurs,1,nurse
raspingli,1,raspingly
rate,1,rate
nowwa,1,nowwas
racket,1,racket
ravag,1,ravages
nowther,1,nowthere
nowisn,1,nowisn
nowher,1,nowhere
raven,1,ravenously
raw,1,raw
ray,1,ray
re,1,re
nowaday,1,nowadays
o,1,o
random,1,random
oak,1,oak
rancour,1,rancour
rackrent,1,rackrent
radiant,1,radiant
radiantli,1,radiantly
radiat,1,radiated
obscen,1,obscene
raft,1,raft
obo,1,oboes
railroad,1,railroad
oblivion,1,oblivion
oblivi,1,oblivious
obliter,1,obliterated
raincoat,1,raincoat
obligingli,1,obligingly
rajah,1,rajah
rakish,1,rakish
rambl,1,rambling
ramif,1,ramifications
oar,1,oars
ran,1,ran
off,1,off
punctili,1,punctilious
prejudic,1,prejudice
princip,1,principal
opal,1,opal
onw,1,onwe
pride,1,pride
onli,1,only
priest,1,priest
prig,1,prig
primari,1,primary
princ,1,prince
onewa,1,onewas
print,1,printed
prey,1,preyed
privaci,1,privacy
oncebut,1,oncebut
privat,1,private
privi,1,privy
onc,1,once
probabl,1,probably
probiti,1,probity
process,1,procession
on,1,on
price,1,price
previous,1,previously
punch,1,punch
pressur,1,pressure
prematur,1,premature
preoccup,1,preoccupation
prep,1,prep
presbyterian,1,presbyterian
presenc,1,presence
or,1,or
oppressivenessit,1,oppressivenessit
oppress,1,oppressive
presid,1,president
oppositeth,1,oppositethe
openmouth,1,openmouthed
opposit,1,opposite
presum,1,presumably
presumptu,1,presumptuous
pretenc,1,pretences
opportun,1,opportunity
pretti,1,pretty
prevent,1,prevented
opinion,1,opinion
opera,1,opera
prodig,1,prodigality
omnibu,1,omnibus
product,1,product
prove,1,proved
ofohfl,1,ofohfling
proprietor,1,proprietor
prosper,1,prosperous
protect,1,protecting
ofof,1,ofof
protégésheard,1,protégésheard
proud,1,proud
offshor,1,offshore
offici,1,official
provid,1,provided
profit,1,profitably
provinci,1,provincial
provoc,1,provocation
proxim,1,proximity
officer,1,officereally
publish,1,published
puddl,1,puddle
officeh,1,officehe
pulpless,1,pulpless
pump,1,pump
proprietari,1,proprietary
propos,1,proposed
proport,1,proportions
properti,1,property
oldfashion,1,oldfashioned
profound,1,profound
oldeven,1,oldeven
profoundli,1,profoundly
older,1,older
old,1,old
olaf,1,olaf
oil,1,oil
profus,1,profusion
ohyou,1,ohyou
prolong,1,prolonged
ohthat,1,ohthat
promin,1,prominent
ohio,1,ohio
ohh,1,ohh
oh,1,oh
oggsford,1,oggsford
oftenin,1,oftenin
often,1,often
occup,1,occupation
,1,
rung,1,rung
russel,1,russel
twentytwo,1,twentytwo
twhen,1,twhen
twice,1,twice
twilight,1,twilight
twinklebel,1,twinklebells
two,1,two
tyre,1,tyre
ulster,1,ulster
ultim,1,ultimate
ulyss,1,ulysses
umbrella,1,umbrella
unabl,1,unable
unadapt,1,unadaptable
unaffect,1,unaffected
unasham,1,unashamed
unbelief,1,unbelief
unbeliev,1,unbelievable
unbroken,1,unbroken
uncertain,1,uncertain
uncertainli,1,uncertainly
uncertainti,1,uncertainty
uncivil,1,uncivilized
uncl,1,uncles
uncomfort,1,uncomfortably
uncommunic,1,uncommunicable
uncontrol,1,uncontrollable
unconvincingli,1,unconvincingly
undefin,1,undefined
under,1,under
twentyseven,1,twentyseven
twentyon,1,twentyone
twentyf,1,twentyfive
truththat,1,truththat
triumph,1,triumph
triumphant,1,triumphant
triumphantli,1,triumphantly
trolley,1,trolley
trombon,1,trombones
tropic,1,tropical
trouser,1,trousers
truck,1,truck
trucul,1,truculent
true,1,true
truli,1,truly
trunk,1,trunk
truth,1,truth
tub,1,tub
twentyeighth,1,twentyeighth
tumbl,1,tumbled
tumult,1,tumult
tumultu,1,tumultuous
tunelessli,1,tunelessly
tuningfork,1,tuningfork
tunnel,1,tunnel
tuolome,1,tuolomee
turban,1,turbaned
turgid,1,turgid
turkey,1,turkeys
tuttuttuttut,1,tuttuttuttut
twelv,1,twelve
twenti,1,twenty
undergon,1,undergone
undergradu,1,undergraduate
underground,1,underground
unrestrain,1,unrestrained
unlik,1,unlike
unlock,1,unlocked
unnatur,1,unnaturally
unnecessari,1,unnecessary
unobtrus,1,unobtrusively
unopen,1,unopened
unpreced,1,unprecedented
unprosper,1,unprosperous
unpunctu,1,unpunctual
unquestion,1,unquestionable
unquiet,1,unquiet
unreason,1,unreasoning
unrest,1,unrestfully
unrev,1,unrevealed
unknown,1,unknown
unrol,1,unrolled
unscrew,1,unscrewed
unscrupulouslyeventu,1,unscrupulouslyeventually
unsoughtfrequ,1,unsoughtfrequently
unsteadi,1,unsteady
unthought,1,unthoughtful
until,1,until
untru,1,untrue
unwav,1,unwavering
unwilling,1,unwillingness
unwillingli,1,unwillingly
up,1,up
upholsteri,1,upholstery
unless,1,unless
unjustli,1,unjustly
underhand,1,underhand
unexpectedli,1,unexpectedly
underneath,1,underneath
understandingli,1,understandingly
understandinglymuch,1,understandinglymuch
understood,1,understood
understudi,1,understudy
underwear,1,underwear
undesert,1,undeserted
undespairingli,1,undespairingly
uneasi,1,uneasy
uneasili,1,uneasily
unequ,1,unequally
unessenti,1,unessential
unexpect,1,unexpected
unfamiliar,1,unfamiliar
universeso,1,universeso
unfathom,1,unfathomable
unfinish,1,unfinished
unfold,1,unfold
unforgett,1,unforgettable
unforgiv,1,unforgivably
unhappi,1,unhappy
unhappili,1,unhappily
unheard,1,unheard
uniform,1,uniform
unimport,1,unimportant
uninflect,1,uninflected
unintellig,1,unintelligible
union,1,union
trip,1,trip
triniti,1,trinity
trimalchio,1,trimalchio
threenot,1,threenoted
thisorthat,1,thisorthat
thoma,1,thomas
thorough,1,thoroughness
thoroughli,1,thoroughly
those,1,those
though,1,though
thought,1,thought
thoughtwhi,1,thoughtwhy
thousand,1,thousand
threadbar,1,threadbare
three,1,three
threecorn,1,threecornered
threefifti,1,threefifty
threshold,1,threshold
third,1,third
threw,1,threw
throat,1,throat
through,1,through
thrown,1,thrown
thrust,1,thrusting
thu,1,thus
thud,1,thudding
thumb,1,thumb
thunder,1,thunder
tick,1,ticked
tide,1,tide
tight,1,tight
till,1,till
thirtyth,1,thirtythe
thickish,1,thickish
timet,1,timetable
theatric,1,theatrical
terribl,1,terrible
terrifi,1,terrified
terror,1,terror
testimoni,1,testimony
teuton,1,teutonic
than,1,than
thardli,1,thardly
that,1,that
thatand,1,thatand
thatch,1,thatched
thati,1,thati
the,1,the
theatr,1,theatre
them,1,them
thick,1,thick
theme,1,theme
themselv,1,themselves
themwith,1,themwith
then,1,then
thenand,1,thenand
theoret,1,theoretical
there,1,there
thereabout,1,thereabout
thereit,1,thereit
these,1,these
thewel,1,thewell
they,1,they
thi,1,this
tilt,1,tilt
timether,1,timethere
trim,1,trimmed
trail,1,trail
torpedo,1,torpedoes
tortuous,1,tortuously
tostoff,1,tostoff
total,1,totally
totter,1,tottered
tough,1,tough
towelswhil,1,towelswhile
tower,1,tower
traction,1,traction
trade,1,traded
tradesmen,1,tradesmen
tradit,1,tradition
traffic,1,traffic
tranquil,1,tranquil
tore,1,tore
transcend,1,transcendent
transitori,1,transitory
transpir,1,transpired
transport,1,transported
trap,1,traps
travers,1,traversed
tray,1,tray
tread,1,tread
treat,1,treat
treesh,1,treeshe
triangl,1,triangle
tribun,1,tribune
tribut,1,tribute
torn,1,torn
toppl,1,toppled
timewer,1,timewere
toilet,1,toilet
tin,1,tin
tini,1,tiny
tinni,1,tinny
tint,1,tint
tipsi,1,tipsy
tire,1,tired
tissu,1,tissue
to,1,to
tobacco,1,tobacco
today,1,today
togeth,1,together
togetherit,1,togetherit
toil,1,toiled
token,1,token
top,1,top
told,1,told
toler,1,tolerance
tom,1,tom
tomorrow,1,tomorrow
tone,1,tone
tongu,1,tongue
tonic,1,tonic
tonight,1,tonight
too,1,too
toodidn,1,toodidn
took,1,took
toolbox,1,toolboxes
toolook,1,toolooked
upon,1,upon
upper,1,upper
upright,1,upright
whyye,1,whyyees
who,1,who
whoever,1,whoever
whole,1,whole
wholesal,1,wholesale
wholesom,1,wholesome
whom,1,whom
whomsoev,1,whomsoever
whose,1,whose
whosoev,1,whosoever
whyani,1,whyany
whyhow,1,whyhow
whynot,1,whynot
whyther,1,whythere
wicker,1,wicker
whiteplum,1,whiteplum
wide,1,wide
widen,1,widened
wife,1,wife
wild,1,wild
wildli,1,wildly
wilhelm,1,wilhelm
willi,1,willie
wilson,1,wilson
win,1,win
winc,1,winced
wind,1,wind
windi,1,windy
windshield,1,windshields
whitewash,1,whitewashed
whitechang,1,whitechanged
winecolour,1,winecoloured
whenev,1,whenever
weren,1,weren
west,1,west
westal,1,westall
westchest,1,westchester
westnot,1,westnot
westward,1,westward
wet,1,wet
wha,1,wha
what,1,what
whatev,1,whatever
wheat,1,wheat
wheelh,1,wheelhe
when,1,when
where,1,where
whitebait,1,whitebait
whereabout,1,whereabouts
whereupon,1,whereupon
wherev,1,wherever
whether,1,whether
whi,1,why
which,1,which
while,1,while
whim,1,whim
whimper,1,whimpered
whiski,1,whisky
whiskya,1,whiskya
whisperhi,1,whisperhis
white,1,white
winebrenn,1,winebrenner
wingless,1,wingless
wept,1,wept
yield,1,yield
wrote,1,wrote
yale,1,yale
yawn,1,yawned
ye,1,yes
yeaeaea,1,yeaeaea
yeah,1,yeah
yearsand,1,yearsand
yearseven,1,yearseven
yell,1,yelling
yellowi,1,yellowy
yesi,1,yesi
yesterday,1,yesterday
yet,1,yet
yolk,1,yolks
written,1,written
york,1,york
yorka,1,yorka
yorkand,1,yorkand
yorkeveri,1,yorkevery
yorkor,1,yorkor
you,1,you
youdo,1,youdo
young,1,young
younger,1,younger
youngerwith,1,youngerwith
yourself,1,yourself
youth,1,youth
youwhi,1,youwhy
wrong,1,wrong
wrinkl,1,wrinkle
wisconsin,1,wisconsin
women,1,women
wisdom,1,wisdom
wisp,1,wisp
with,1,with
wither,1,withered
within,1,within
without,1,without
witti,1,witty
wive,1,wives
woke,1,woke
wolfshiem,1,wolfshiem
wolfshiemthat,1,wolfshiemthat
woman,1,woman
womb,1,womb
won,1,won
wriggl,1,wriggling
wordinstead,1,wordinstead
wore,1,wore
workmen,1,workmen
worktabl,1,worktable
world,1,world
worldli,1,worldly
worn,1,worn
wornout,1,wornout
wors,1,worse
worth,1,worth
would,1,would
wouldn,1,wouldn
wreck,1,wreck
were,1,were
went,1,went
upstair,1,upstairs
villain,1,villainous
veteran,1,veteran
vibrant,1,vibrant
vicari,1,vicariously
vicin,1,vicinity
vicinityexcept,1,vicinityexcept
victim,1,victim
victoria,1,victoria
view,1,view
vigil,1,vigil
vigor,1,vigorously
vigour,1,vigour
vill,1,ville
villageappal,1,villageappalled
vine,1,vines
vest,1,vest
vinou,1,vinous
viol,1,viols
violenc,1,violence
virgin,1,virgins
virtu,1,virtues
vision,1,visions
vista,1,vista
vital,1,vitality
vivid,1,vivid
vividli,1,vividly
vladmir,1,vladmir
volley,1,volleying
voltair,1,voltaires
vestig,1,vestige
versail,1,versailles
vulgar,1,vulgar
valour,1,valour
upward,1,upward
urban,1,urban
urgenc,1,urgency
urgent,1,urgent
us,1,us
usual,1,usually
utter,1,uttered
utterli,1,utterly
vacant,1,vacant
vacat,1,vacation
vacuou,1,vacuous
vain,1,vain
valley,1,valley
vanishedand,1,vanishedand
veri,1,very
vari,1,varies
varieti,1,variety
variou,1,various
vast,1,vast
ve,1,ve
vehement,1,vehemently
veil,1,veiled
velvet,1,velvet
venic,1,venice
ventur,1,ventured
ventura,1,ventura
ver,1,ver
verg,1,verge
von,1,von
vulner,1,vulnerable
welltodo,1,welltodo
weight,1,weights
wealthyeven,1,wealthyeven
weari,1,weary
weather,1,weather
weatherbeaten,1,weatherbeaten
weatherproof,1,weatherproof
weav,1,weave
webster,1,webster
weddingcak,1,weddingcake
wedg,1,wedging
weedi,1,weedy
weekend,1,weekends
weep,1,weeping
weigh,1,weighing
weird,1,weird
wealth,1,wealth
welcom,1,welcome
well,1,well
wellb,1,wellbeing
wellconc,1,wellconcealed
welldisciplin,1,welldisciplined
welldress,1,welldressed
wellfan,1,wellfanned
wellforgotten,1,wellforgotten
wellkept,1,wellkept
welllov,1,wellloved
wellround,1,wellrounded
wellshav,1,wellshaved
wellthink,1,wellthink
wealthi,1,wealthy
weak,1,weakness
w,1,w
wanli,1,wanly
wa,1,was
wad,1,wad
wafer,1,wafer
wag,1,wag
wagon,1,wagon
waiter,1,waiter
waiz,1,waize
wake,1,wake
wallet,1,wallet
wallscal,1,wallscaling
walter,1,walter
waltz,1,waltz
wan,1,wan
war,1,war
we,1,we
warm,1,warm
warmest,1,warmest
warmth,1,warmth
warwick,1,warwick
washington,1,washington
washrag,1,washrag
washstand,1,washstand
wasn,1,wasn
wastebasket,1,wastebasket
waver,1,wavered
wayjust,1,wayjust
waysid,1,wayside
wayward,1,wayward
term,1,terms
tension,1,tension
tens,1,tense
silver,1,silver
sideboard,1,sideboard
sidestreet,1,sidestreet
sideway,1,sideways
sidewaysand,1,sidewaysand
sight,1,sight
sightse,1,sightseeing
signal,1,signalled
sigourney,1,sigourney
silenc,1,silence
silhouett,1,silhouette
silk,1,silk
sill,1,sill
silli,1,silly
simmer,1,simmering
sick,1,sick
simon,1,simon
simpl,1,simple
simplest,1,simplest
simpli,1,simply
simplic,1,simplicity
simultan,1,simultaneously
sinc,1,since
singl,1,single
singleminded,1,singlemindedness
montreal,1,montreal
sinist,1,sinister
sink,1,sinking
sir,1,sir
sickantir,1,sickantired
shyli,1,shyly
six,1,six
shortcut,1,shortcut
shelf,1,shelf
shellrim,1,shellrimmed
shelv,1,shelves
shi,1,shying
shine,1,shining
ship,1,ships
shirtfront,1,shirtfront
shirtwaist,1,shirtwaist
shockit,1,shockit
shone,1,shone
shook,1,shook
shorn,1,shorn
short,1,short
shortli,1,shortly
shrug,1,shrugged
shortsight,1,shortsighted
shortwind,1,shortwinded
shot,1,shot
shotsafterward,1,shotsafterwards
should,1,should
shouldn,1,shouldn
shoutingbefor,1,shoutingbefore
shower,1,shower
shown,1,shown
shrewd,1,shrewd
shrill,1,shrill
shrink,1,shrink
shrubberi,1,shrubbery
situat,1,situation
sixteen,1,sixteen
sheer,1,sheer
snob,1,snob
small,1,small
smallbreast,1,smallbreasted
smaller,1,smaller
smally,1,smallyes
smart,1,smart
smash,1,smashed
smear,1,smeared
smiledand,1,smiledand
smoki,1,smoky
smooth,1,smoothed
smoulder,1,smouldering
snake,1,snake
sneaker,1,sneakers
snobberi,1,snobbery
slung,1,slung
snobbishli,1,snobbishly
snort,1,snorted
snow,1,snow
snubnos,1,snubnosed
so,1,so
soak,1,soaked
soapdish,1,soapdish
sober,1,sober
societi,1,society
sofa,1,sofa
soft,1,soft
softli,1,softly
softminded,1,softmindedness
slunk,1,slunk
slump,1,slump
sixteenth,1,sixteenth
sleigh,1,sleigh
sixti,1,sixty
sixtyf,1,sixtyfive
size,1,size
skim,1,skimming
skipper,1,skipper
skirt,1,skirt
sky,1,sky
slagl,1,slagle
slam,1,slammed
slander,1,slander
sleep,1,sleep
sleepless,1,sleeplessness
sleev,1,sleeves
slender,1,slender
slum,1,slum
slenderli,1,slenderly
slept,1,slept
slice,1,slice
slid,1,slid
slide,1,slide
slight,1,slight
slightest,1,slightest
slightli,1,slightly
slipper,1,slippers
slit,1,slit
sloan,1,sloane
slowli,1,slowly
slowthink,1,slowthinking
sheik,1,sheik
sheepishli,1,sheepishly
sold,1,sold
scare,1,scared
savour,1,savours
savouri,1,savoury
saw,1,saw
sawdust,1,sawdust
saxophon,1,saxophones
sayhowdedo,1,sayhowdedo
scale,1,scales
scallop,1,scalloped
scamper,1,scampered
scandal,1,scandal
scandalthen,1,scandalthen
scanti,1,scanty
scarc,1,scarcely
scatter,1,scattered
sautern,1,sauterne
sceneespeci,1,sceneespecially
scenehi,1,scenehis
schedul,1,schedule
schoen,1,schoen
school,1,school
schraeder,1,schraeders
schultz,1,schultzes
schwartz,1,schwartz
scienc,1,science
scientif,1,scientific
scrawl,1,scrawled
scrawni,1,scrawny
scream,1,screaming
save,1,save
sausag,1,sausages
scroll,1,scrolls
salut,1,salute
s,1,s
sacred,1,sacredness
sadden,1,saddening
sadsh,1,sadshe
safe,1,safe
safer,1,safer
sage,1,sagely
said,1,said
saidbut,1,saidbut
sailor,1,sailors
salad,1,salads
salmonfish,1,salmonfisher
salt,1,salt
same,1,same
saunter,1,sauntered
san,1,san
sand,1,sand
sang,1,sang
sank,1,sank
santa,1,santa
sardinesinthebox,1,sardinesinthebox
sat,1,sat
satisfact,1,satisfaction
satisfactori,1,satisfactory
satisfactorili,1,satisfactorily
satisfi,1,satisfy
saturday,1,saturday
saucer,1,saucer
screen,1,screens
scrubbingbrush,1,scrubbingbrushes
sheep,1,sheep
seventyf,1,seventyfive
sensuous,1,sensuously
sent,1,sent
septemb,1,september
septic,1,septic
serf,1,serfs
seri,1,series
serv,1,served
servic,1,service
sette,1,settee
settler,1,settler
seven,1,seven
seventeen,1,seventeen
seventeenyearold,1,seventeenyearold
sever,1,several
sensit,1,sensitivity
sh,1,sh
shadowi,1,shadowy
shafter,1,shafters
shall,1,shall
shallow,1,shallows
shame,1,shame
sharp,1,sharp
sharper,1,sharper
sharpli,1,sharply
shave,1,shaved
shawl,1,shawls
she,1,she
shed,1,shed
sensuou,1,sensuous
sensibl,1,sensibilities
scrutin,1,scrutinized
seek,1,seeking
scrutini,1,scrutiny
sculli,1,scullys
scurri,1,scurried
seaboard,1,seaboard
seachang,1,seachange
searchingli,1,searchingly
season,1,season
seawardand,1,seawardand
second,1,second
secreci,1,secrecy
secretari,1,secretary
secretli,1,secretly
sed,1,sedative
seen,1,seen
senseless,1,senselessness
segg,1,segg
selfabsorpt,1,selfabsorption
selfconsci,1,selfconsciously
selfcontrol,1,selfcontrol
selfish,1,selfish
selfsuffici,1,selfsufficiency
semifin,1,semifinal
senat,1,senator
sender,1,sender
senil,1,senile
senior,1,senior
sens,1,sense
sensat,1,sensation
soggi,1,soggy
soldand,1,soldand
tenor,1,tenor
sunor,1,sunor
sugar,1,sugar
suicid,1,suicide
sulkili,1,sulkily
sullen,1,sullen
sum,1,summing
summer,1,summer
sumptuou,1,sumptuous
sunday,1,sunday
sundial,1,sundials
sung,1,sung
sunken,1,sunken
sunlight,1,sunlight
sunni,1,sunny
sunset,1,sunset
sufferinglook,1,sufferinglook
sunshin,1,sunshine
sunstrain,1,sunstrained
supercili,1,supercilious
superfici,1,superficial
superflu,1,superfluous
supper,1,supper
supperbox,1,supperboxes
supperif,1,supperif
supperther,1,supperthere
support,1,support
sure,1,sure
surer,1,surer
surfac,1,surface
suffoc,1,suffocating
suffer,1,suffered
surnam,1,surname
stunt,1,stunts
strength,1,strength
stretcher,1,stretcher
strident,1,strident
string,1,string
stripe,1,stripes
stroke,1,stroke
stroll,1,strolled
strong,1,strong
stronger,1,stronger
struck,1,struck
stuck,1,stuck
stuff,1,stuff
stun,1,stunned
stupid,1,stupid
suddenli,1,suddenly
sturdi,1,sturdy
subdu,1,subdued
submerg,1,submerged
substanti,1,substantiality
substitut,1,substitute
subterfug,1,subterfuges
subtl,1,subtle
subtli,1,subtly
subway,1,subway
succul,1,succulent
such,1,such
suchsuch,1,suchsuch
suck,1,suck
surmis,1,surmise
surprisingli,1,surprisingly
strawhair,1,strawhaired
taxiwindow,1,taxiwindow
tactlessli,1,tactlessly
tag,1,tag
taken,1,taken
tale,1,tale
talkedh,1,talkedher
tall,1,tall
tangibl,1,tangible
tantal,1,tantalizing
tat,1,tat
tattl,1,tattle
tattoo,1,tattoo
tax,1,taxes
taxicab,1,taxicabs
taylor,1,taylor
t,1,t
tdrift,1,tdrift
tea,1,tea
teagarden,1,teagarden
teatabl,1,teatable
teeth,1,teeth
telegram,1,telegram
temper,1,temper
tempera,1,temperament
temporarili,1,temporarily
tempt,1,tempted
ten,1,ten
tennesse,1,tennessee
tenni,1,tennis
tableth,1,tablethe
sympathi,1,sympathy
surviv,1,surviving
sweetheart,1,sweetheart
suspicion,1,suspicions
sustain,1,sustained
swam,1,swam
swamp,1,swamps
swank,1,swank
swarm,1,swarm
swastika,1,swastika
swath,1,swathed
sway,1,swaying
sweat,1,sweat
swede,1,swede
sweep,1,sweep
sweet,1,sweet
sweeti,1,sweetie
swung,1,swung
sweetli,1,sweetly
swept,1,swept
swett,1,swett
swiftli,1,swiftly
swim,1,swimming
swimmer,1,swimmers
swindler,1,swindler
swirl,1,swirls
switchesonc,1,switchesonce
swivelchair,1,swivelchair
swollen,1,swollen
swore,1,swore
sworn,1,sworn
streak,1,streak
straw,1,straw
sole,1,soles
specul,1,speculation
southampton,1,southampton
southeastern,1,southeastern
southern,1,southern
spade,1,spades
spank,1,spanking
spare,1,spared
spars,1,sparse
spat,1,spat
special,1,special
specialist,1,specialists
specif,1,specific
spectacl,1,spectacles
spectroscop,1,spectroscopic
sped,1,sped
sourc,1,source
speech,1,speech
spend,1,spend
spent,1,spent
spi,1,spy
spice,1,spiced
spideri,1,spidery
spill,1,spilled
spire,1,spires
spirit,1,spirits
spiritless,1,spiritless
spite,1,spite
splendid,1,splendid
splendour,1,splendour
south,1,south
soul,1,soul
spoke,1,spoke
somewhat,1,somewhat
solemn,1,solemn
solemnli,1,solemnly
solid,1,solid
solidar,1,solidarity
solitari,1,solitary
sombr,1,sombre
some,1,some
somebodi,1,somebody
somehow,1,somehow
someon,1,someone
someth,1,something
somethingan,1,somethingan
somethingmost,1,somethingmost
somewher,1,somewhere
sought,1,sought
somnambulatori,1,somnambulatory
son,1,son
song,1,song
sonofabitch,1,sonofabitch
soon,1,soon
sooner,1,sooner
sooth,1,soothing
sophist,1,sophisticated
sophisticatedgod,1,sophisticatedgod
soprano,1,soprano
sorri,1,sorry
sorrow,1,sorrows
soth,1,sothe
spoil,1,spoiled
spoon,1,spoonful
strata,1,strata
stoop,1,stoop
sterner,1,sterner
steward,1,steward
sticki,1,sticky
stiff,1,stiff
stifflywa,1,stifflywas
stifl,1,stifling
still,1,still
stilli,1,stilli
stimul,1,stimulating
stoddard,1,stoddard
stone,1,stone
stonewal,1,stonewall
stood,1,stood
stopu,1,stopus
steepl,1,steeple
stormili,1,stormily
stout,1,stout
stouter,1,stouter
stove,1,stove
stovebut,1,stovebut
straggl,1,straggled
straight,1,straight
straighten,1,straightening
straightforward,1,straightforward
strand,1,strand
strang,1,strange
strangest,1,strangest
strangl,1,strangled
stella,1,stella
steal,1,steal
sporad,1,sporadic
stagger,1,staggered
sportswoman,1,sportswoman
sprang,1,sprang
spread,1,spread
spree,1,spree
spun,1,spun
squawk,1,squawk
squeak,1,squeaked
squeamish,1,squeamishness
squeez,1,squeezed
squint,1,squinted
st,1,st
stack,1,stacks
stage,1,stage
stagnant,1,stagnant
steadili,1,steadily
staid,1,staid
stair,1,stairs
stale,1,stale
stalk,1,stalked
stall,1,stalled
standardit,1,standardit
starlight,1,starlight
starshin,1,starshine
startedit,1,startedit
startlingli,1,startlingly
statement,1,statement
stationari,1,stationary
steadi,1,steady
singularli,1,singularly
larg,1,large
montenegro,1,montenegro
cook,1,cooked
copper,1,copper
coral,1,coral
corki,1,corky
cornersand,1,cornersand
cornet,1,cornets
cornic,1,cornices
coron,1,coroner
corp,1,corps
corpul,1,corpulent
corridor,1,corridors
corrigan,1,corrigans
corrug,1,corrugated
corruptionand,1,corruptionand
cost,1,cost
costum,1,costume
cottag,1,cottages
cottonwhit,1,cottonwhite
couch,1,couch
could,1,could
couldn,1,couldn
count,1,count
counten,1,countenance
counterfeit,1,counterfeit
counterraid,1,counterraid
countri,1,country
countrysideeast,1,countrysideeast
coupé,1,coupé
courag,1,courage
courtesi,1,courtesy
coolli,1,coolly
convivi,1,convivial
confin,1,confined
convinc,1,convinced
consciou,1,conscious
consent,1,consented
consequ,1,consequence
conserv,1,conservative
conservatori,1,conservatory
consider,1,considerable
consol,1,consoling
conspir,1,conspiring
constant,1,constant
constantli,1,constantly
consuela,1,consuela
consum,1,consumed
contact,1,contact
contempl,1,contemplation
contemporari,1,contemporary
contempt,1,contempt
content,1,content
contigu,1,contiguous
contin,1,continent
contour,1,contour
contralto,1,contralto
contrari,1,contrary
contrast,1,contrast
contribut,1,contributed
contributori,1,contributory
convent,1,conventional
convers,1,conversation
convert,1,converted
convict,1,conviction
coverlet,1,coverlet
coward,1,coward
cower,1,cowered
crab,1,crabbing
crêpedechin,1,crêpedechine
cuff,1,cuff
cunard,1,cunard
cupboard,1,cupboard
curiou,1,curious
curious,1,curiously
current,1,current
curs,1,cursing
curtain,1,curtains
cute,1,cute
cymbal,1,cymbals
d,1,d
da,1,da
daddi,1,daddy
dai,1,dai
daisi,1,daisy
daisyit,1,daisyit
daisythey,1,daisythey
dakota,1,dakota
damp,1,damp
dampen,1,dampened
dan,1,dan
danci,1,dancies
danger,1,dangerously
danilo,1,danilo
darker,1,darker
dart,1,dart
dash,1,dash
dashboard,1,dashboard
crystal,1,crystal
crysh,1,cryshe
crush,1,crushed
crept,1,crept
crack,1,cracked
crate,1,crates
craze,1,craze
crazi,1,crazy
cream,1,cream
creamcolour,1,creamcoloured
creat,1,created
creativ,1,creative
creatur,1,creatures
credibl,1,credibility
credit,1,credit
credul,1,credulity
creep,1,creep
crescendo,1,crescendo
crumbl,1,crumbling
crimin,1,criminal
crimson,1,crimson
crimsonlight,1,crimsonlighted
crise,1,crises
crisp,1,crisp
croirier,1,croirier
croon,1,crooned
crop,1,crops
crossli,1,crossly
crowdit,1,crowdit
crowdstep,1,crowdstepped
crowdwhen,1,crowdwhen
cruel,1,cruel
confound,1,confounding
confer,1,conferred
dawn,1,dawn
church,1,church
circu,1,circus
circuit,1,circuit
circul,1,circulating
circular,1,circular
circumstancesand,1,circumstancesand
circumstanti,1,circumstantial
citi,1,city
civet,1,civet
civilizationoh,1,civilizationoh
clad,1,clad
clamdigg,1,clamdigger
clamor,1,clamorously
clamour,1,clamour
clan,1,clan
clarenc,1,clarence
claret,1,claret
clasp,1,clasped
class,1,class
claud,1,claud
claudia,1,claudia
clay,1,clay
clearli,1,clearly
clench,1,clenched
clergyman,1,clergyman
clever,1,clever
client,1,client
clippingsabout,1,clippingsabout
cloak,1,cloak
clock,1,clock
cigar,1,cigar
chrome,1,chromes
coney,1,coney
christma,1,christmas
charact,1,character
chartreus,1,chartreuse
chase,1,chase
chasm,1,chasms
chat,1,chatting
chatter,1,chatter
chauffeurh,1,chauffeurhe
cheadl,1,cheadles
cheap,1,cheap
cheat,1,cheat
check,1,check
checker,1,checker
cheekbon,1,cheekbone
cheeksnot,1,cheeksnot
chef,1,chefs
chest,1,chest
chester,1,chester
chew,1,chewing
chicago,1,chicago
chicken,1,chicken
chiefli,1,chiefly
chiffon,1,chiffon
child,1,child
children,1,children
chimney,1,chimneys
chin,1,chin
choic,1,choice
chord,1,chords
choru,1,chorus
clockalmost,1,clockalmost
clockuntil,1,clockuntil
clog,1,clog
closer,1,closer
comment,1,comment
commiss,1,commission
commission,1,commissioner
common,1,common
commonplac,1,commonplace
commot,1,commotion
compact,1,compact
compani,1,company
companion,1,companion
compar,1,compared
competit,1,competitive
complexion,1,complexion
complic,1,complication
compliment,1,compliment
compos,1,composed
composit,1,composition
comprehend,1,comprehended
comprehens,1,comprehensible
compress,1,compressed
compuls,1,compulsion
conceit,1,conceits
conceiv,1,conceivably
concept,1,conception
concern,1,concerned
conclud,1,concluded
concret,1,concrete
condescend,1,condescending
condescens,1,condescension
conductor,1,conductor
commensur,1,commensurate
commenc,1,commenced
comin,1,comin
coffe,1,coffee
closest,1,closest
closet,1,closets
clothesther,1,clothesthere
clubfor,1,clubfor
clumsi,1,clumsy
clutch,1,clutching
clyde,1,clyde
coars,1,coarse
cobbl,1,cobbled
code,1,code
codi,1,cody
codyh,1,codyhe
codytold,1,codytold
cohen,1,cohen
combust,1,combustion
coher,1,coherence
coincid,1,coincidence
cold,1,cold
colder,1,colder
coldli,1,coldly
collar,1,collar
collegeon,1,collegeone
coloni,1,colonial
coloss,1,colossal
colourh,1,colourhe
colourless,1,colourless
columbu,1,columbus
combin,1,combination
daughter,1,daughter
dayand,1,dayand
endiv,1,endive
dread,1,dread
dressand,1,dressand
dresser,1,dresser
dressi,1,dressi
dressinggown,1,dressinggowns
drew,1,drew
drill,1,drill
driveand,1,driveand
driven,1,driven
drivingnext,1,drivingnext
drizzl,1,drizzle
drove,1,drove
drown,1,drowned
drows,1,drowsing
drowsi,1,drowsiness
drug,1,drug
drunk,1,drunk
drunken,1,drunken
duck,1,duck
duckwe,1,duckweed
due,1,due
dull,1,dull
duluth,1,duluth
dumb,1,dumb
dumbel,1,dumbell
durabl,1,durable
dure,1,during
dusk,1,dusk
dust,1,dust
dustcov,1,dustcovered
dreamsnot,1,dreamsnot
drawn,1,drawn
dock,1,dock
drawingroom,1,drawingroom
dodg,1,dodge
doe,1,does
doesn,1,doesn
dogat,1,dogat
dogday,1,dogdays
dogleash,1,dogleash
doingand,1,doingand
doll,1,doll
domest,1,domesticated
don,1,don
donavan,1,donavan
doncast,1,doncaster
done,1,done
doorpost,1,doorposts
doorway,1,doorway
dot,1,dotted
doubl,1,double
doubtless,1,doubtless
down,1,down
downstair,1,downstairs
doze,1,doze
dozen,1,dozen
drag,1,dragging
drain,1,drain
dramat,1,dramatic
drank,1,drank
drawbridg,1,drawbridge
drawer,1,drawer
drawerthat,1,drawerthat
duster,1,duster
dusti,1,dusty
dutch,1,dutch
dwell,1,dwellings
effemin,1,effeminate
egger,1,eggers
egot,1,egotism
eight,1,eight
eighteen,1,eighteen
eighti,1,eighty
either,1,either
eitheruntil,1,eitheruntil
ejacul,1,ejaculated
el,1,el
elat,1,elations
elbow,1,elbow
elderli,1,elderly
electrocut,1,electrocuted
eleg,1,elegant
element,1,elemental
eleven,1,eleven
elicit,1,elicited
ella,1,ella
elocut,1,elocution
elong,1,elongating
els,1,else
elsewher,1,elsewhere
elus,1,elusive
em,1,em
embrac,1,embrace
embroid,1,embroidered
empir,1,empires
encount,1,encounter
effectu,1,effectually
effect,1,effect
editori,1,editorials
east,1,east
dy,1,dyed
début,1,début
each,1,each
eagerli,1,eagerly
earl,1,earl
earli,1,early
earn,1,earn
earnestli,1,earnestly
earth,1,earth
earthquak,1,earthquakes
eas,1,ease
easi,1,easy
easier,1,easier
eastern,1,eastern
edgar,1,edgar
eastward,1,eastward
easygo,1,easygoing
eat,1,eat
eberhardt,1,eberhardt
echolalia,1,echolalia
eckhaust,1,eckhaust
eckleburg,1,eckleburg
econom,1,economics
ecstasi,1,ecstasy
ectoplasm,1,ectoplasm
ed,1,ed
eddi,1,eddies
edg,1,edge
doctor,1,doctor
doc,1,doc
daycoachh,1,daycoachhe
degre,1,degree
deliber,1,deliberately
delicaci,1,delicacy
delicatessen,1,delicatessen
deliv,1,delivered
demain,1,demaine
demoniac,1,demoniac
denizen,1,denizen
dennick,1,dennickers
dentist,1,dentist
depart,1,department
deplor,1,deplorably
depth,1,depths
derang,1,deranged
descend,1,descended
design,1,designs
desk,1,desk
deskh,1,deskhe
desol,1,desolate
despairingli,1,despairingly
despic,1,despicable
destini,1,destiny
detach,1,detachment
detail,1,detail
determinedli,1,determinedly
detroit,1,detroit
develop,1,developing
devic,1,device
devil,1,devil
devoid,1,devoid
deject,1,dejection
defunct,1,defunct
dizzi,1,dizzy
deft,1,deft
daylight,1,daylight
dazzl,1,dazzling
de,1,de
dead,1,dead
deaf,1,deaf
dealt,1,dealt
dear,1,dear
dearest,1,dearest
deari,1,dearies
death,1,death
deathless,1,deathless
deauvil,1,deauville
debauche,1,debauchee
decemb,1,december
declin,1,decline
decompos,1,decomposed
decorationeven,1,decorationeven
deep,1,deep
deeper,1,deeper
deeplyi,1,deeplyi
defenc,1,defence
defend,1,defending
defer,1,deferred
defianc,1,defiance
defiant,1,defiant
defiantli,1,defiantly
defiantlytaken,1,defiantlytaken
defici,1,deficiency
definit,1,definitely
devot,1,devotion
dew,1,dew
dewar,1,dewars
di,1,di
disdain,1,disdain
disembodi,1,disembodied
disgust,1,disgusted
dishevel,1,dishevelled
dishonest,1,dishonest
dishonesti,1,dishonesty
disintegr,1,disintegrating
dismay,1,dismayed
dismiss,1,dismissed
dismount,1,dismounted
disord,1,disordered
dispens,1,dispensed
dispos,1,disposed
disput,1,dispute
disquiet,1,disquieting
dissens,1,dissension
dissimilar,1,dissimilarity
distanc,1,distance
distinguish,1,distinguished
distract,1,distract
distraught,1,distraught
district,1,district
ditch,1,ditch
divan,1,divan
dive,1,diving
diverg,1,divergence
divin,1,divine
division,1,divisional
divot,1,divot
discreetli,1,discreetly
discreet,1,discreet
discoveri,1,discovery
diningroom,1,diningroom
diamond,1,diamond
did,1,did
didn,1,didn
differentif,1,differentif
difficult,1,difficult
difficulti,1,difficulty
dignifi,1,dignified
digniti,1,dignity
dilatori,1,dilatory
diminish,1,diminished
dimli,1,dimly
din,1,din
dine,1,dined
dinner,1,dinner
discov,1,discovered
dinneri,1,dinneri
dinneryoung,1,dinneryoung
dip,1,dipped
direct,1,direction
directli,1,directly
director,1,director
dirti,1,dirty
disadvantag,1,disadvantage
disarray,1,disarray
discard,1,discarded
disconcert,1,disconcerting
discont,1,discontented
discord,1,discordant
chapter,1,chapter
changedh,1,changedhe
chandeli,1,chandelier
apartmenthous,1,apartmenthouses
apologet,1,apologetically
appar,1,apparently
apparit,1,apparition
appeal,1,appeal
applegreen,1,applegreen
appreci,1,appreciated
approach,1,approached
appropri,1,appropriate
april,1,april
aquaplan,1,aquaplanes
arabi,1,araby
arc,1,arc
arch,1,arched
archway,1,archway
ardita,1,ardita
are,1,are
area,1,area
aren,1,aren
argonn,1,argonne
armi,1,army
armistic,1,armistice
armsbut,1,armsbut
aros,1,arose
around,1,around
arrest,1,arrest
arrog,1,arrogant
art,1,art
arthur,1,arthur
articl,1,articles
apathet,1,apathetically
aof,1,aof
among,1,among
anywher,1,anywhere
amount,1,amount
amour,1,amour
amput,1,amputated
an,1,an
anaem,1,anaemic
ancestor,1,ancestors
ancestr,1,ancestral
and,1,and
andeat,1,andeats
andher,1,andhere
angl,1,angle
angri,1,angry
ani,1,any
announc,1,announced
anon,1,anon
anoth,1,another
anteced,1,antecedents
anteroom,1,anteroom
anticip,1,anticipation
anticlimax,1,anticlimax
antli,1,antly
antoinett,1,antoinette
anxious,1,anxiously
anybodi,1,anybody
anyhow,1,anyhow
anyhowdaisi,1,anyhowdaisy
anyon,1,anyone
anyth,1,anything
anyway,1,anyways
artifici,1,artificial
artist,1,artistic
as,1,as
asa,1,asa
autumn,1,autumn
autumnleaf,1,autumnleaf
avenu,1,avenue
await,1,awaited
awar,1,aware
away,1,away
awayand,1,awayand
awe,1,awed
awkward,1,awkward
awn,1,awnings
awok,1,awoke
axe,1,axe
b,1,b
babbl,1,babbled
babi,1,baby
background,1,background
backhysson,1,backhyssons
backward,1,backward
bad,1,bad
baedek,1,baedeker
baffl,1,baffled
bag,1,bag
baggag,1,baggage
baker,1,baker
ball,1,ball
ballroom,1,ballroom
band,1,band
bandag,1,bandages
bank,1,banking
auto,1,auto
auntbut,1,auntbut
august,1,august
assum,1,assumed
ash,1,ashes
asham,1,ashamed
ashen,1,ashen
ashesa,1,ashesa
ashevil,1,asheville
ashgrey,1,ashgrey
ashheap,1,ashheaps
ashtray,1,ashtrays
asid,1,aside
asleep,1,asleep
asleepsh,1,asleepshe
aspect,1,aspect
aspir,1,aspired
assumpt,1,assumption
auerbach,1,auerbach
astoria,1,astoria
astoriaonli,1,astoriaonly
asund,1,asunder
at,1,at
ate,1,ate
athlet,1,athlete
atlant,1,atlantic
atmospher,1,atmosphere
attacksat,1,attacksat
attain,1,attain
attend,1,attend
attent,1,attention
attir,1,attired
amorph,1,amorphous
ammonia,1,ammonia
chanc,1,chance
absurd,1,absurd
acceler,1,accelerator
accentu,1,accentuated
accid,1,accident
accomplish,1,accomplishments
accord,1,according
accusingli,1,accusingly
ach,1,aching
achiev,1,achievement
acknowledg,1,acknowledged
across,1,across
action,1,action
activ,1,activities
actor,1,actor
actress,1,actress
acut,1,acute
adam,1,adam
adapt,1,adapting
addenda,1,addenda
addit,1,addition
addressinsid,1,addressinside
admiringli,1,admiringly
admiss,1,admission
admit,1,admitted
adriat,1,adriatic
adventiti,1,adventitious
adventur,1,adventurous
advertis,1,advertisement
advic,1,advice
advis,1,advised
abyss,1,abyss
abstractedli,1,abstractedly
amid,1,amid
absenc,1,absence
158th,1,158th
1902,1,1902
1906,1,1906
1915,1,1915
1919,1,1919
1922,1,1922
300,1,300
33rd,1,33rd
430500,1,430500
500,1,500
500600,1,500600
5th,1,5th
600,1,600
615630,1,615630
700900,1,700900
715815,1,715815
830430,1,830430
a,1,a
aalmost,1,aalmost
abl,1,able
abnorm,1,abnormal
abort,1,abortive
about,1,about
aboutth,1,aboutthings
abov,1,above
abram,1,abrams
abroad,1,abroad
abrupt,1,abrupt
abruptli,1,abruptly
aesthet,1,aesthetic
affairsand,1,affairsand
affirm,1,affirmed
afford,1,afford
alland,1,alland
allexcept,1,allexcept
alley,1,alleys
alli,1,allied
allnight,1,allnight
alltom,1,alltom
almost,1,almost
alon,1,alone
alonefifti,1,alonefifty
aloneh,1,alonehe
along,1,along
alongshor,1,alongshore
alongsid,1,alongside
aloud,1,aloud
alreadi,1,already
also,1,also
alter,1,altered
although,1,although
altogeth,1,altogether
aluminium,1,aluminium
alway,1,always
am,1,am
ambigu,1,ambiguously
ambit,1,ambitions
ambiti,1,ambitious
ambul,1,ambulance
amen,1,amen
america,1,america
americanthat,1,americanthat
all,1,all
aliv,1,alive
align,1,alignment
ah,1,ah
affront,1,affront
afraid,1,afraid
after,1,after
afterward,1,afterward
again,1,again
against,1,against
againth,1,againthe
age,1,age
ago,1,ago
agonizingli,1,agonizingly
agre,1,agreed
agreeabl,1,agreeable
agreement,1,agreement
ahead,1,ahead
alight,1,alighted
ahhh,1,ahhh
aid,1,aid
ain,1,ain
airedal,1,airedale
airedaleundoubtedli,1,airedaleundoubtedly
ajar,1,ajar
albani,1,albany
albrucksburg,1,albrucksburger
alcohol,1,alcohol
ale,1,ale
aleand,1,aleand
alert,1,alert
alertli,1,alertly
bann,1,banns
banner,1,banners
banter,1,bantering
buck,1,bucks
bug,1,bug
built,1,built
bulbou,1,bulbous
bulki,1,bulkiness
bull,1,bull
bump,1,bumped
bunch,1,bunch
bundl,1,bundled
bungalow,1,bungalow
bunsen,1,bunsen
buoy,1,buoyed
burden,1,burden
bureau,1,bureau
bureaugatsbi,1,bureaugatsby
burglar,1,burglar
bush,1,bushes
bust,1,bust
bustl,1,bustle
but,1,but
butler,1,butler
buttonsrid,1,buttonsrid
by,1,by
bystand,1,bystanders
c,1,c
cab,1,cab
cabinet,1,cabinets
caddi,1,caddy
cadet,1,cadet
café,1,cafés
buffet,1,buffet
buccleuch,1,buccleuch
bar,1,bar
brute,1,brute
breathgiv,1,breathgiving
breathless,1,breathless
breathlessli,1,breathlessly
breez,1,breeze
brewer,1,brewer
bribe,1,bribed
bridal,1,bridal
bridesmaid,1,bridesmaid
bridg,1,bridge
briefcas,1,briefcase
briefli,1,briefly
brien,1,brien
brighter,1,brighter
brilliant,1,brilliant
brisk,1,brisk
brittl,1,brittle
broad,1,broad
broadway,1,broadway
broil,1,broiling
broke,1,broke
broken,1,broken
brokensh,1,brokenshe
brook,1,brook
brothel,1,brothel
brought,1,brought
brow,1,brow
brown,1,brown
bruis,1,bruised
brutal,1,brutality
cahoot,1,cahoots
california,1,california
calm,1,calmness
calmli,1,calmly
cat,1,cat
cataract,1,cataracts
catastroph,1,catastrophe
caterwaul,1,caterwauling
catherin,1,catherine
cathol,1,catholic
catlip,1,catlips
caught,1,caught
caution,1,caution
cautious,1,cautiously
ceaselessli,1,ceaselessly
cecil,1,cecil
ceil,1,ceiling
cellar,1,cellar
cement,1,cement
cemeteri,1,cemetery
centr,1,centre
central,1,central
centuri,1,century
certain,1,certain
certainli,1,certainly
chafe,1,chafed
chain,1,chain
challeng,1,challenge
challengingli,1,challengingly
chamber,1,chamber
chambermaid,1,chambermaids
champagn,1,champagne
champion,1,champion
castl,1,castle
castil,1,castile
cast,1,cast
capitalist,1,capitalists
came,1,came
camp,1,camp
can,1,can
canada,1,canada
canal,1,canal
candl,1,candles
cann,1,cannes
canva,1,canvas
cap,1,cap
capabl,1,capable
capacitywhil,1,capacitywhile
cape,1,capes
capit,1,capitals
captain,1,captain
cassidi,1,cassidy
caramelcolour,1,caramelcoloured
caravansari,1,caravansary
card,1,card
cardboard,1,cardboard
cardin,1,cardinal
career,1,career
careerwhen,1,careerwhen
carelessli,1,carelessly
carlo,1,carlo
carnegi,1,carnegie
carpet,1,carpet
carv,1,carved
case,1,case
breast,1,breast
breakfast,1,breakfast
brave,1,brave
bigger,1,bigger
beginningand,1,beginningand
begotten,1,begotten
begun,1,begun
behaviour,1,behaviour
behind,1,behind
belasco,1,belasco
belcher,1,belcher
belief,1,belief
belli,1,belly
bellow,1,bellows
below,1,below
beluga,1,beluga
bemberg,1,bembergs
bench,1,bench
bendthen,1,bendthen
beneath,1,beneath
benedict,1,benediction
benni,1,benny
bent,1,bent
best,1,best
betray,1,betrayed
better,1,better
betti,1,betty
between,1,between
bewil,1,bewill
bewilder,1,bewilderment
bewitch,1,bewitched
beyond,1,beyond
bid,1,bid
began,1,began
beforeand,1,beforeand
befor,1,before
bathsintrud,1,bathsintruding
barb,1,barbed
barbara,1,barbara
barbari,1,barbary
barg,1,barges
barnyard,1,barnyard
barrier,1,barrier
basebal,1,baseball
basic,1,basic
basket,1,basket
bass,1,bass
bastard,1,bastards
bat,1,bat
bathingsuit,1,bathingsuit
battalion,1,battalion
beetl,1,beetles
battl,1,battles
bay,1,bay
beach,1,beach
beal,1,beale
beam,1,beamed
beard,1,beard
beast,1,beast
beaux,1,beaux
beaver,1,beaver
becam,1,became
becaus,1,because
bed,1,bed
been,1,been
big,1,big
bill,1,bill
brass,1,brass
billow,1,billow
bodi,1,body
bodyh,1,bodyhe
boi,1,bois
boister,1,boisterously
bonafid,1,bonafide
bondsalesmen,1,bondsalesmen
bonnet,1,bonnet
bookcas,1,bookcases
bookshelv,1,bookshelves
boom,1,boom
boot,1,boots
boredom,1,boredom
borough,1,borough
borrow,1,borrowed
bosom,1,bosom
boston,1,boston
both,1,both
bottom,1,bottom
bought,1,bought
boulogn,1,boulogne
bounc,1,bounced
bow,1,bow
bowl,1,bowl
box,1,box
boxesthat,1,boxesthat
bracelet,1,bracelets
braid,1,braided
brain,1,brain
brand,1,brand
boast,1,boasting
boarder,1,boarder
board,1,board
blame,1,blame
biloxi,1,biloxi
birth,1,birth
birthday,1,birthday
biscuitson,1,biscuitsone
bit,1,bit
bitch,1,bitch
bite,1,bite
bitter,1,bitter
bitterli,1,bitterly
bizarr,1,bizarre
black,1,black
blackbuck,1,blackbuck
blackwel,1,blackwell
blankli,1,blankly
blurt,1,blurted
blazer,1,blazers
bleak,1,bleak
blear,1,bleared
bleed,1,bleeding
bless,1,blessed
blew,1,blew
blindli,1,blindly
blond,1,blond
blood,1,blood
bloodi,1,bloody
blot,1,blot
blown,1,blown
blur,1,blurred
endbut,1,endbut
endless,1,endless
montenegrin,1,montenegrin
instruct,1,instructions
insur,1,insurance
intact,1,intact
intellig,1,intelligence
interestedinterest,1,interestedinterested
interfer,1,interference
interior,1,interior
intermarriag,1,intermarriage
intermin,1,interminable
intermitt,1,intermittent
interpos,1,interposed
interv,1,intervals
intimaci,1,intimacy
into,1,into
intoler,1,intolerable
intric,1,intricate
intrigu,1,intriguing
intriguingmi,1,intriguingmy
invari,1,invariably
inviol,1,inviolate
invis,1,invisible
invitedthey,1,invitedthey
involuntarili,1,involuntarily
irrecover,1,irrecoverable
irregularli,1,irregularly
irrelev,1,irrelevant
irrelevantli,1,irrelevantly
irrit,1,irritable
is,1,is
isl,1,isles
insult,1,insulting
institut,1,institutions
indistinguish,1,indistinguishably
instead,1,instead
ineptli,1,ineptly
inessenti,1,inessential
inexhaust,1,inexhaustible
inexperi,1,inexperience
inexplic,1,inexplicable
infantri,1,infantry
infinitesim,1,infinitesimal
influenc,1,influence
ingrati,1,ingratiate
inherit,1,inherited
inhospit,1,inhospitably
inin,1,inin
initi,1,initiative
inki,1,inky
innoc,1,innocently
innuendo,1,innuendo
innumer,1,innumerable
inquest,1,inquest
inquiri,1,inquiry
inquisit,1,inquisitions
insid,1,inside
insidi,1,insidious
insignia,1,insignia
insincer,1,insincerity
insol,1,insolent
inspir,1,inspired
instanc,1,instance
instant,1,instant
instantli,1,instantly
island,1,island
ismay,1,ismays
isn,1,isn
isth,1,isthe
job,1,job
john,1,john
joint,1,joint
joke,1,jokes
jong,1,jongs
jonquil,1,jonquils
jordan,1,jordan
jordanconstrain,1,jordanconstrained
journey,1,journey
joy,1,joy
joyou,1,joyous
judg,1,judging
judgement,1,judgements
judi,1,judy
jugjugspat,1,jugjugspat
juic,1,juice
julep,1,julep
juli,1,july
june,1,june
just,1,just
justifi,1,justified
justwhat,1,justwhat
jut,1,jut
juxtaposit,1,juxtaposition
kaiser,1,kaiser
kant,1,kant
kapiolani,1,kapiolani
katspaugh,1,katspaugh
kay,1,kaye
jimmi,1,jimmy
jewett,1,jewett
jewess,1,jewess
ivori,1,ivory
italian,1,italian
itand,1,itand
itbut,1,itbut
item,1,item
ith,1,ithe
iti,1,iti
itinde,1,itindeed
itit,1,itit
itoverrip,1,itoverripe
itself,1,itself
itsign,1,itsigned
itto,1,itto
ivi,1,ivy
j,1,j
jewelleri,1,jewellery
jackson,1,jackson
jail,1,jail
jailor,1,jailor
jame,1,james
janitor,1,janitor
jauntili,1,jauntily
jay,1,jay
jazz,1,jazz
jealou,1,jealous
jerk,1,jerk
jersey,1,jersey
jew,1,jew
jewel,1,jewels
ineff,1,ineffable
indiscreet,1,indiscreet
kelleh,1,kellehers
honest,1,honest
honey,1,honey
honour,1,honour
hook,1,hooked
hopalong,1,hopalong
hopeh,1,hopehe
hopeless,1,hopeless
horac,1,horace
horizon,1,horizon
hornbeam,1,hornbeams
horsd,1,horsd
horsebacktom,1,horsebacktom
host,1,host
hostil,1,hostile
hot,1,hot
hotter,1,hotter
housejust,1,housejust
houseparti,1,houseparty
houseth,1,housethe
how,1,how
howard,1,howard
howev,1,however
howeveri,1,howeveri
hubert,1,hubert
hue,1,hue
huge,1,huge
huh,1,huh
hulk,1,hulking
human,1,human
humidor,1,humidor
honestli,1,honestly
homogen,1,homogeneity
indiscern,1,indiscernible
homecom,1,homecoming
hideandgoseek,1,hideandgoseek
high,1,high
highbal,1,highballs
higher,1,higher
highershirt,1,highershirts
highest,1,highest
highli,1,highly
hilar,1,hilarity
hilari,1,hilariously
him,1,him
himand,1,himand
himh,1,himhe
himi,1,himi
himposs,1,himpossibly
himself,1,himself
himwith,1,himwith
hindenburg,1,hindenburg
hiss,1,hissed
histori,1,history
hit,1,hit
hitherto,1,hitherto
hm,1,hm
hog,1,hog
holiday,1,holiday
holli,1,holly
hollow,1,hollow
hollowey,1,holloweyed
hollowli,1,hollowly
holocaust,1,holocaust
humili,1,humiliation
hung,1,hung
hungri,1,hungry
hungrili,1,hungrily
impression,1,impressionability
imprison,1,imprisons
improv,1,improving
impuls,1,impulse
ina,1,ina
inaft,1,inafter
inappropri,1,inappropriate
inargu,1,inarguably
incalcul,1,incalculable
incarn,1,incarnation
incess,1,incessant
incessantli,1,incessantly
incid,1,incident
inclin,1,inclined
incoher,1,incoherent
incompar,1,incomparable
inconceiv,1,inconceivable
inconsequ,1,inconsequence
incorrupt,1,incorruptible
incur,1,incurably
indecipher,1,indecipherable
indecis,1,indecisively
indefin,1,indefinable
indetermin,1,indeterminate
indi,1,indies
indian,1,indian
indign,1,indignant
indignantli,1,indignantly
indirectli,1,indirectly
imposs,1,impossible
impos,1,impose
importantlook,1,importantlooking
ignor,1,ignorant
hurriedli,1,hurriedly
hurt,1,hurt
huski,1,husky
huskier,1,huskier
hydroplan,1,hydroplane
hyster,1,hysterical
hôtel,1,hôtel
i,1,i
ice,1,ice
identifi,1,identified
idiot,1,idiotically
idol,1,idols
if,1,if
ill,1,ill
implor,1,implored
illumin,1,illuminated
illus,1,illusion
illustr,1,illustration
imag,1,image
imaginari,1,imaginary
imit,1,imitation
immediatelyand,1,immediatelyand
immoder,1,immoderately
impass,1,impassioned
impenetr,1,impenetrable
imper,1,imperatively
impercept,1,imperceptibly
impetu,1,impetuously
keenli,1,keenly
kept,1,kept
endlessli,1,endlessly
marriedgod,1,marriedgod
marsh,1,marshes
mash,1,mashed
massag,1,massage
massiv,1,massive
mate,1,mate
materi,1,material
matteroffact,1,matteroffact
mattertomorrow,1,mattertomorrow
mattress,1,mattress
mauric,1,maurice
mav,1,mav
mavro,1,mavro
may,1,may
mayb,1,maybe
mccarti,1,mccarty
mcclenahan,1,mcclenahan
me,1,me
meant,1,meant
meantim,1,meantime
meanwhil,1,meanwhile
mechan,1,mechanics
medal,1,medals
medit,1,meditatively
mediterraneanthen,1,mediterraneanthen
medium,1,medium
melancholi,1,melancholy
mellow,1,mellow
membership,1,membership
memphi,1,memphis
marseil,1,marseilles
marriedand,1,marriedand
lutheran,1,lutheran
marriag,1,marriage
m,1,m
mad,1,mad
madam,1,madame
made,1,made
madison,1,madison
madman,1,madman
maecena,1,maecenas
magnanim,1,magnanimous
maid,1,maid
maintenon,1,maintenon
majest,1,majestic
malevol,1,malevolence
malic,1,malice
man,1,man
manag,1,managed
mani,1,many
manit,1,manit
manner,1,manner
mansion,1,mansion
mantelpiec,1,mantelpiece
manwhat,1,manwhat
manycolour,1,manycoloured
manykey,1,manykeyed
manywindow,1,manywindowed
mar,1,marred
marbl,1,marble
march,1,march
mari,1,marie
mark,1,marked
men,1,men
menac,1,menacing
menageri,1,menagerie
mencarri,1,mencarrying
minuteit,1,minuteit
mischief,1,mischief
misconcept,1,misconceptions
mist,1,mist
mistak,1,mistake
mistaken,1,mistaken
mistress,1,mistress
misunderstand,1,misunderstanding
mix,1,mixed
moan,1,moan
model,1,modelling
moder,1,moderate
modern,1,modern
modesti,1,modesty
modish,1,modish
molar,1,molars
momentari,1,momentary
momentarili,1,momentarily
momentum,1,momentum
money,1,money
moneya,1,moneya
moneythat,1,moneythat
monkey,1,monkey
monogram,1,monograms
monopol,1,monopolizing
monstrou,1,monstrous
mont,1,monte
montana,1,montana
montauk,1,montauk
mint,1,mint
minnesota,1,minnesota
miner,1,mineral
middl,1,middle
mendelssohn,1,mendelssohn
mere,1,merely
meretrici,1,meretricious
merton,1,merton
mess,1,mess
messag,1,message
met,1,met
metropol,1,metropole
metropolitan,1,metropolitan
mexico,1,mexico
meyer,1,meyer
micha,1,michaelis
mida,1,midas
middleag,1,middleaged
minedo,1,minedo
midnight,1,midnight
midnightwa,1,midnightwas
midsumm,1,midsummer
might,1,might
migrat,1,migration
milk,1,milk
milki,1,milky
millionair,1,millionaire
millionairesal,1,millionairesall
milwauke,1,milwaukee
minc,1,mincing
mind,1,mind
mine,1,mine
lyric,1,lyric
lustreless,1,lustreless
kerb,1,kerb
largest,1,largest
latest,1,latest
lather,1,lather
latter,1,latter
laudabl,1,laudable
laughter,1,laughter
launder,1,laundered
laundri,1,laundry
lavend,1,lavender
lavendercolour,1,lavendercoloured
lavish,1,lavish
law,1,laws
lawnmow,1,lawnmower
lay,1,lay
layer,1,layers
lazili,1,lazily
lead,1,leading
leaden,1,leaden
leader,1,leader
leaf,1,leaf
leash,1,leash
least,1,least
leather,1,leather
lectur,1,lectures
led,1,led
leech,1,leeches
left,1,left
leftth,1,leftthe
legaci,1,legacy
legion,1,legion
later,1,later
12,1,12
lustili,1,lustily
laps,1,lapsed
kick,1,kicking
kid,1,kidding
kike,1,kike
kindli,1,kindly
king,1,king
kissmeattheg,1,kissmeatthegate
kitchen,1,kitchen
klipspring,1,klipspringer
knelt,1,knelt
knew,1,knew
knickerbock,1,knickerbockers
knob,1,knobs
knot,1,knotted
knowledg,1,knowledge
knowlock,1,knowlock
known,1,known
knowthough,1,knowthough
knuckl,1,knuckle
l,1,l
labyrinth,1,labyrinth
lace,1,lacing
ladder,1,ladder
laden,1,laden
laid,1,laid
lake,1,lake
lamplight,1,lamplight
land,1,land
languid,1,languid
languidli,1,languidly
legro,1,legros
leisur,1,leisurely
lem,1,lem
lemonad,1,lemonade
liver,1,liver
livingroom,1,livingroom
ll,1,ll
loaf,1,loafing
locat,1,locating
lock,1,locked
loiter,1,loitered
lone,1,lonely
loneli,1,loneliness
long,1,long
longer,1,longer
longest,1,longest
lookedand,1,lookedand
lookedth,1,lookedthe
loos,1,loose
lost,1,lost
loud,1,loud
louisiana,1,louisiana
louisvil,1,louisville
loung,1,lounged
low,1,low
lucil,1,lucille
lucki,1,lucky
luckili,1,luckily
lull,1,lull
luminos,1,luminosity
lump,1,lumps
luncheon,1,luncheon
lurk,1,lurking
littl,1,little
literari,1,literary
liter,1,literally
librari,1,library
length,1,length
less,1,less
lesser,1,lesser
lester,1,lester
letharg,1,lethargic
level,1,level
lever,1,lever
leveragea,1,leveragea
leviti,1,levity
lewi,1,lewis
liabl,1,liable
libel,1,libel
libertin,1,libertine
lick,1,lick
lit,1,lit
lieuten,1,lieutenant
life,1,life
lighthead,1,lightheaded
lightli,1,lightly
likedand,1,likedand
lilactre,1,lilactrees
lillythey,1,lillythey
limousin,1,limousine
linen,1,linen
lingeringli,1,lingeringly
link,1,link
list,1,list
listenedthen,1,listenedthen
hide,1,hide
hidden,1,hidden
hick,1,hick
first,1,first
fist,1,fists
fit,1,fit
fitzpet,1,fitzpeters
five,1,five
fivepiec,1,fivepiece
flabbi,1,flabby
flag,1,flags
flame,1,flaming
flank,1,flank
flap,1,flap
flask,1,flask
flat,1,flat
flatfoot,1,flatfooted
flatnos,1,flatnosed
flatter,1,flattered
flesh,1,flesh
fli,1,fly
flick,1,flicked
flight,1,flight
flinch,1,flinched
flink,1,flink
flip,1,flipped
flirtat,1,flirtation
flock,1,flock
flood,1,flood
floor,1,floor
floora,1,floora
florid,1,florid
flounc,1,flounced
fishguard,1,fishguards
firmli,1,firmly
felt,1,felt
fireplac,1,fireplace
feminin,1,feminine
fenc,1,fence
ferdi,1,ferdie
ferret,1,ferret
ferryboat,1,ferryboat
fervent,1,fervent
feudal,1,feudal
fever,1,fever
feverish,1,feverish
few,1,few
ff,1,ff
fiancé,1,fiancée
field,1,fields
fierc,1,fiercely
fifteen,1,fifteen
fifth,1,fifth
fiftieth,1,fiftieth
fiftyninth,1,fiftyninth
fiftyon,1,fiftyone
film,1,films
financ,1,finance
fine,1,fine
fineappear,1,fineappearing
finest,1,finest
fingerbowl,1,fingerbowls
fingerless,1,fingerless
finish,1,finished
finn,1,finn
finnish,1,finnish
flowerlik,1,flowerlike
flowersbut,1,flowersbut
fluentli,1,fluently
flung,1,flung
formless,1,formless
forth,1,forth
fortnight,1,fortnight
forto,1,forto
fortuit,1,fortuitously
fortysecond,1,fortysecond
fortythird,1,fortythird
forward,1,forward
fought,1,fought
foul,1,foul
founder,1,founder
four,1,four
fourth,1,fourth
foxtroti,1,foxtroti
fractious,1,fractiousness
fragil,1,fragilely
frame,1,framed
franc,1,france
franci,1,francis
francisco,1,francisco
frankli,1,frankly
fratern,1,fraternal
free,1,free
freedom,1,freedom
freeli,1,freely
french,1,french
frequent,1,frequent
fresher,1,fresher
freshest,1,freshest
formid,1,formidable
former,1,former
format,1,formations
foolthat,1,foolthat
flurri,1,flurry
flyleaf,1,flyleaf
foam,1,foam
foami,1,foamy
foghorn,1,foghorn
fold,1,folds
foldingchair,1,foldingchair
foliag,1,foliage
folli,1,follies
fondl,1,fondled
fontano,1,fontano
food,1,food
foolish,1,foolish
foot,1,foot
forlorn,1,forlorn
footbal,1,football
footstep,1,footsteps
for,1,for
forceof,1,forceof
ford,1,ford
foreground,1,foreground
forehead,1,forehead
foreign,1,foreign
forest,1,forest
forev,1,forever
forgiv,1,forgive
forgot,1,forgot
forgotten,1,forgotten
femal,1,female
fellow,1,fellow
hi,1,his
eventu,1,eventually
everi,1,every
everybodi,1,everybody
everyon,1,everyone
everyth,1,everything
everywher,1,everywhere
evid,1,evidently
evok,1,evoked
ewe,1,ewing
exact,1,exact
exactli,1,exactly
exalt,1,exalted
exasper,1,exasperated
excel,1,excellence
excitedli,1,excitedly
excitingli,1,excitingly
exclaim,1,exclaimed
exclam,1,exclamation
excurs,1,excursions
exempt,1,exempt
exhibit,1,exhibition
exhilar,1,exhilarating
exist,1,existence
expand,1,expanded
expans,1,expanse
expectantli,1,expectantly
expend,1,expended
expens,1,expensive
experi,1,experience
experienc,1,experienced
ever,1,ever
eveningdress,1,eveningdress
fell,1,fell
evas,1,evasions
endow,1,endowing
england,1,england
english,1,english
englishmen,1,englishmen
engross,1,engrossed
enjoin,1,enjoined
enlarg,1,enlargement
enough,1,enough
entangl,1,entangled
enthusiasm,1,enthusiasm
entir,1,entirely
entranc,1,entrance
entri,1,entry
epigramlif,1,epigramlife
eras,1,erased
erect,1,erect
ernest,1,ernest
erron,1,erroneous
escort,1,escort
especi,1,especially
estat,1,estate
et,1,et
etc,1,etc
etern,1,eternal
ether,1,ether
etti,1,etty
euphem,1,euphemisms
europ,1,europe
europepari,1,europeparis
explan,1,explanations
explic,1,explicable
expostul,1,expostulation
expressionthen,1,expressionthen
fals,1,false
famili,1,family
familyh,1,familyhe
famou,1,famous
fan,1,fans
fanci,1,fancies
fantast,1,fantastic
far,1,far
fare,1,fare
farewel,1,farewell
farm,1,farm
farther,1,farther
fast,1,fast
fasten,1,fastened
faster,1,faster
fate,1,fate
father,1,father
fatten,1,fatten
fault,1,fault
faultgatsbi,1,faultgatsby
faustina,1,faustina
fay,1,fay
façad,1,façade
feather,1,feather
featur,1,features
februari,1,february
feebli,1,feebly
feet,1,feet
feign,1,feigned
fallsbut,1,fallsbut
fallen,1,fallen
fairi,1,fairy
eyesor,1,eyesore
extempor,1,extemporizing
extinct,1,extinction
extinguish,1,extinguished
extra,1,extra
extract,1,extract
extraordinari,1,extraordinary
extraordinarili,1,extraordinarily
extravagantli,1,extravagantly
extravaganza,1,extravaganza
extrem,1,extreme
eyebal,1,eyeballs
eyelash,1,eyelashes
eyesa,1,eyesa
f,1,f
fair,1,fair
fabric,1,fabric
facedor,1,facedor
facet,1,facet
faceth,1,facethe
facetoo,1,facetoo
facilitiesh,1,facilitieshe
fact,1,fact
factand,1,factand
factual,1,factual
fadedgilt,1,fadedgilt
failur,1,failure
faintest,1,faintest
faintli,1,faintly
freshli,1,freshly
fri,1,fried
friday,1,friday
gulick,1,gulick
gulp,1,gulp
gun,1,guns
gut,1,guts
gutter,1,gutter
gype,1,gyped
gypsi,1,gypsies
ha,1,has
haag,1,haag
habit,1,habit
had,1,had
hadn,1,hadn
hair,1,hair
half,1,half
halfbewild,1,halfbewildered
halfdark,1,halfdarkness
halffierc,1,halffierce
halfhour,1,halfhour
halfknow,1,halfknowing
halflazi,1,halflazy
halfpast,1,halfpast
halfsick,1,halfsick
halfway,1,halfway
hallway,1,hallway
halt,1,halt
halv,1,halves
ham,1,hams
hammer,1,hammers
hammerhead,1,hammerheads
handkerchief,1,handkerchief
gull,1,gulls
guiltya,1,guiltyas
friendli,1,friendly
guiltili,1,guiltily
gravel,1,gravel
gray,1,gray
great,1,great
greater,1,greater
greatest,1,greatest
greatuncl,1,greatuncle
greco,1,greco
greedi,1,greedy
greek,1,greek
green,1,green
greenhous,1,greenhouse
greenwich,1,greenwich
greet,1,greeting
grew,1,grew
grey,1,grey
greyturn,1,greyturning
griev,1,grieving
grocer,1,grocer
grope,1,groped
grotesqu,1,grotesque
grown,1,grown
growth,1,growths
grudg,1,grudging
gruffli,1,gruffly
gu,1,gus
guard,1,guard
guestroom,1,guestrooms
guid,1,guide
guilti,1,guilty
handl,1,handle
handsom,1,handsome
hang,1,hangs
happier,1,happier
hears,1,hearse
heart,1,heart
heat,1,heat
heaven,1,heavens
heavi,1,heavy
heavili,1,heavily
hedg,1,hedge
height,1,height
heighten,1,heightened
held,1,held
hell,1,hell
hello,1,hello
helpless,1,helpless
helplessli,1,helplessly
hemispher,1,hemisphere
hempstead,1,hempstead
hen,1,hen
henri,1,henry
herand,1,herand
herbut,1,herbut
here,1,here
herethi,1,herethis
herhow,1,herhow
herself,1,herself
herselfthat,1,herselfthat
hersey,1,herseys
herthat,1,herthat
hesitantli,1,hesitantly
hey,1,hey
heard,1,heard
hear,1,hear
health,1,health
hast,1,haste
hard,1,hard
hardboil,1,hardboiled
harddrink,1,harddrinking
harden,1,hardening
harder,1,harder
hardi,1,hardy
hardli,1,hardly
hardwar,1,hardware
harlequin,1,harlequin
harm,1,harm
harshli,1,harshly
hash,1,hash
hasn,1,hasn
hasti,1,hasty
headlight,1,headlights
hastili,1,hastily
hatbox,1,hatboxes
haughti,1,haughty
haughtili,1,haughtily
hauteur,1,hauteur
havea,1,havea
haven,1,haven
havena,1,havena
hawthorn,1,hawthorn
haze,1,haze
hazi,1,hazy
he,1,he
headi,1,heady
gratul,1,gratulate
gratitud,1,gratitude
gratifi,1,gratified
gentli,1,gently
gambl,1,gamble
gambler,1,gambler
gaod,1,gaod
gap,1,gap
garagerepair,1,garagerepairs
garagethen,1,garagethen
gardena,1,gardenas
gardensfin,1,gardensfinally
gardenshear,1,gardenshears
garnish,1,garnished
garrul,1,garrulous
gasolin,1,gasoline
gate,1,gate
gatefirst,1,gatefirst
gatsbi,1,gatsby
gatsbyand,1,gatsbyand
gatsbynoth,1,gatsbynothing
gatsbyon,1,gatsbyone
gatz,1,gatz
gatzthat,1,gatzthat
gaudili,1,gaudily
gaug,1,gauge
gave,1,gave
gay,1,gay
gaze,1,gazed
gear,1,gears
genial,1,genially
gentleman,1,gentleman
gentlemanli,1,gentlemanly
gad,1,gad
ga,1,gas
g,1,g
full,1,full
friendship,1,friendship
friendsin,1,friendsin
fright,1,fright
frisco,1,frisco
frog,1,frogs
from,1,from
front,1,front
frontier,1,frontier
frost,1,frosted
frosti,1,frosty
frothi,1,frothy
frozen,1,frozen
fruiter,1,fruiterer
fulli,1,fully
futur,1,future
fumbl,1,fumbled
fun,1,fun
function,1,function
fundament,1,fundamental
funer,1,funeral
funni,1,funny
funniest,1,funniest
fur,1,fur
furiou,1,furious
furnish,1,furnish
furnitur,1,furniture
further,1,further
fuss,1,fuss
gentlemen,1,gentlemen
georg,1,george
grate,1,grateful
georgia,1,georgia
goin,1,goin
gold,1,gold
goldcolour,1,goldcoloured
golden,1,golden
goldturn,1,goldturning
golf,1,golf
golflink,1,golflinks
gone,1,gone
gonnegt,1,gonnegtion
good,1,good
goodby,1,goodbye
gorgeou,1,gorgeous
gossip,1,gossip
got,1,got
gothic,1,gothic
gotten,1,gotten
govern,1,government
gown,1,gown
grab,1,grabbed
graceless,1,graceless
gradual,1,gradually
graduat,1,graduated
grail,1,grail
grain,1,grain
grand,1,grand
grandfath,1,grandfather
grant,1,granted
grass,1,grass
grassther,1,grassthere
goe,1,goes
goddard,1,goddard
goda,1,goda
given,1,given
georgian,1,georgian
german,1,german
germani,1,germany
getchildren,1,getchildren
ghastli,1,ghastly
ghostli,1,ghostly
giant,1,giant
gibberish,1,gibberish
gift,1,gift
gigantictheir,1,gigantictheir
gilda,1,gilda
girder,1,girders
girlhood,1,girlhood
glad,1,glad
god,1,god
glamour,1,glamour
glaze,1,glazed
glisten,1,glistening
glitter,1,glittered
gloom,1,gloom
gloomiest,1,gloomiest
gloomili,1,gloomily
glori,1,glory
gloria,1,gloria
gloriou,1,glorious
gnaw,1,gnawings
goat,1,goats
gobut,1,gobut
yukon,1,yukon
